Date,IBOV,PTAX,CDI_NAV
2016-10-06,60644.0,,
2016-10-07,61109.0,3.2272000312805176,
2016-10-10,61668.0,3.2193000316619873,100.05246100000001
2016-10-11,61022.0,3.202699899673462,100.10494952156522
2016-10-12,61022.0,3.1958999633789062,100.10494952156522
2016-10-13,61119.0,3.200700044631958,100.15746557913371
2016-10-14,61767.0,3.177299976348877,100.2100091871512
2016-10-17,62696.0,3.2019999027252197,100.26258036007087
2016-10-18,63782.0,3.204200029373169,100.31517911235358
2016-10-19,63506.0,3.1816999912261963,100.3678054584677
2016-10-20,63838.0,3.166100025177002,100.4195862129818
2016-10-21,64108.0,3.1391000747680664,100.47139368170494
2016-10-24,64060.0,3.148900032043457,100.52322787841928
2016-10-25,63866.0,3.124500036239624,100.57508881691403
2016-10-26,63826.0,3.1103999614715576,100.62697651098557
2016-10-27,64250.0,3.1387999057769775,100.67889097443737
2016-10-28,64308.0,3.165299892425537,100.73083222108
2016-10-31,64925.0,3.2030999660491943,100.78280026473116
2016-11-01,63326.0,3.198199987411499,100.83479511921576
2016-11-02,63326.0,3.235100030899048,100.83479511921576
2016-11-03,61750.0,3.2525999546051025,100.88681679836573
2016-11-04,61598.0,3.2583999633789062,100.93886531602018
2016-11-07,64052.0,3.232300043106079,100.99094068602538
2016-11-08,64158.0,3.200900077819824,101.04304292223472
2016-11-09,63258.0,3.168100118637085,101.09517203850874
2016-11-10,61201.0,3.2330000400543213,101.14732804871511
2016-11-11,59184.0,3.3956000804901123,101.19951096672872
2016-11-14,59657.0,3.390000104904175,101.25172080643156
2016-11-15,59657.0,3.4402999877929688,101.25172080643156
2016-11-16,60759.0,3.441699981689453,101.30395758171282
2016-11-17,59770.0,3.450700044631958,101.35622130646883
2016-11-18,59962.0,3.4323999881744385,101.40851199460306
2016-11-21,61070.0,3.3822999000549316,101.4608296600262
2016-11-22,61954.0,3.387399911880493,101.51317431665612
2016-11-23,61986.0,3.363600015640259,101.56554597841783
2016-11-24,61396.0,3.4310998916625977,101.61794465924356
2016-11-25,61559.0,3.390700101852417,101.67037037307271
2016-11-28,62855.0,3.4210000038146973,101.7228231338519
2016-11-29,60987.0,3.4072000980377197,101.7753029555349
2016-11-30,61906.0,3.4537999629974365,101.82780985208268
2016-12-01,59507.0,3.4063000679016113,101.87945488068347
2016-12-02,60316.0,3.572999954223633,101.93112610260985
2016-12-05,59832.0,3.4746999740600586,101.98282353114658
2016-12-06,61088.0,3.4200000762939453,102.0345471795851
2016-12-07,61414.0,3.4063000679016113,102.08629706122365
2016-12-08,60677.0,3.3815999031066895,102.13807318936716
2016-12-09,60501.0,3.373699903488159,102.18987557732734
2016-12-12,59179.0,3.377000093460083,102.24170423842267
2016-12-13,59281.0,3.3373000621795654,102.29355918597831
2016-12-14,58212.0,3.334199905395508,102.34544043332625
2016-12-15,58396.0,3.36899995803833,102.39734799380523
2016-12-16,58389.0,3.3657000064849854,102.44928188076072
2016-12-19,57111.0,3.390399932861328,102.50124210754501
2016-12-20,57583.0,3.3638999462127686,102.55322868751713
2016-12-21,57647.0,3.353100061416626,102.60524163404287
2016-12-22,57255.0,3.3254001140594482,102.65728096049484
2016-12-23,57937.0,3.28629994392395,102.7093466802524
2016-12-26,58620.0,3.2695000171661377,102.7614388067017
2016-12-27,58697.0,3.2695999145507812,102.8135573532357
2016-12-28,59782.0,3.269399881362915,102.86570233325412
2016-12-29,60227.0,3.2825000286102295,102.9178737601635
2016-12-30,60227.0,3.2523000240325928,102.9700716473772
2017-01-02,59589.0,3.253200054168701,103.02229600831532
2017-01-03,61814.0,3.2839999198913574,103.07454685640482
2017-01-04,61589.0,3.2634999752044678,103.12682420507946
2017-01-05,62071.0,3.214099884033203,103.1791280677798
2017-01-06,61665.0,3.197700023651123,103.23145845795322
2017-01-09,61700.0,3.2221999168395996,103.28381538905393
2017-01-10,62132.0,3.195499897003174,103.33619887454294
2017-01-11,62446.0,3.194499969482422,103.38860892788814
2017-01-12,63954.0,3.1963000297546387,103.43832747603547
2017-01-13,63652.0,3.186800003051758,103.48806993333541
2017-01-16,63831.0,3.186800003051758,103.53783631128566
2017-01-17,64354.0,3.240499973297119,103.58762662138939
2017-01-18,64150.0,3.2098000049591064,103.63744087515533
2017-01-19,63951.0,3.229599952697754,103.68727908409778
2017-01-20,64521.0,3.1949000358581543,103.73714125973652
2017-01-23,65749.0,3.1422998905181885,103.78702741359692
2017-01-24,65840.0,3.1617000102996826,103.83693755720984
2017-01-25,65840.0,3.1686999797821045,103.88687170211173
2017-01-26,66191.0,3.1684999465942383,103.93682985984456
2017-01-27,66034.0,3.176100015640259,103.98681204195586
2017-01-30,64302.0,3.109600067138672,104.03681825999871
2017-01-31,64671.0,3.125499963760376,104.08684852553176
2017-02-01,64836.0,3.150099992752075,104.13690285011921
2017-02-02,64578.0,3.128000020980835,104.18698124533078
2017-02-03,64954.0,3.122499942779541,104.23708372274186
2017-02-06,63993.0,3.119499921798706,104.28721029393328
2017-02-07,64199.0,3.1136999130249023,104.33736097049153
2017-02-08,64835.0,3.1166999340057373,104.38753576400863
2017-02-09,64965.0,3.1159000396728516,104.43773468608217
2017-02-10,66125.0,3.1287999153137207,104.48795774831537
2017-02-13,66968.0,3.107100009918213,104.53820496231694
2017-02-14,66713.0,3.110100030899048,104.58847633970126
2017-02-15,67976.0,3.081199884414673,104.63877189208826
2017-02-16,67814.0,3.0560998916625977,104.68909163110345
2017-02-17,67748.0,3.0875000953674316,104.73943556837793
2017-02-20,68533.0,3.0954999923706055,104.7898037155484
2017-02-21,69052.0,3.0855000019073486,104.84019608425716
2017-02-22,68590.0,3.093899965286255,104.89061268615212
2017-02-23,67461.0,3.062299966812134,104.93827707836896
2017-02-24,66662.0,3.06030011177063,104.98596313023891
2017-02-27,66662.0,3.094599962234497,104.98596313023891
2017-02-28,66662.0,3.105299949645996,104.98596313023891
2017-03-01,66989.0,3.1080000400543213,105.03367085160455
2017-03-02,65855.0,3.088200092315674,105.08140025231295
2017-03-03,66786.0,3.154599905014038,105.12915134221561
2017-03-06,66341.0,3.119999885559082,105.17692413116855
2017-03-07,65742.0,3.137200117111206,105.22471862903224
2017-03-08,64718.0,3.1159000396728516,105.27253484567166
2017-03-09,64585.0,3.1593000888824463,105.32037279095623
2017-03-10,64675.0,3.1912999153137207,105.3682324747599
2017-03-13,65534.0,3.1475000381469727,105.41611390696109
2017-03-14,64699.0,3.152400016784668,105.46401709744269
2017-03-15,66235.0,3.1637001037597656,105.51194205609211
2017-03-16,65783.0,3.099900007247925,105.55988879280125
2017-03-17,64210.0,3.11929988861084,105.6078573174665
2017-03-20,64884.0,3.0866000652313232,105.65584763998869
2017-03-21,62980.0,3.071000099182129,105.70385977027328
2017-03-22,63521.0,3.0868000984191895,105.75189371823008
2017-03-23,63531.0,3.0848000049591064,105.79994949377354
2017-03-24,63854.0,3.1380999088287354,105.84802710682251
2017-03-27,64308.0,3.1096999645233154,105.89612656730039
2017-03-28,64640.0,3.125200033187866,105.9442478851351
2017-03-29,65528.0,3.138400077819824,105.99239107025906
2017-03-30,65266.0,3.1221001148223877,106.04055613260921
2017-03-31,64984.0,3.147700071334839,106.088743082127
2017-04-03,65211.0,3.121799945831299,106.13695192875838
2017-04-04,65769.0,3.11299991607666,106.18518268245384
2017-04-05,64775.0,3.095599889755249,106.23343535316843
2017-04-06,64223.0,3.1196000576019287,106.28170995086161
2017-04-07,64593.0,3.1414999961853027,106.33000648549749
2017-04-10,64650.0,3.144700050354004,106.37832496704462
2017-04-11,64360.0,3.1317999362945557,106.42666540547616
2017-04-12,63892.0,3.1368000507354736,106.47502781076972
2017-04-13,62826.0,3.123500108718872,106.51962594091853
2017-04-14,62826.0,3.142400026321411,106.51962594091853
2017-04-17,64335.0,3.143699884414673,106.56424275144015
2017-04-18,64159.0,3.1303000450134277,106.608878250159
2017-04-19,63407.0,3.1064999103546143,106.65353244490284
2017-04-20,63761.0,3.1482999324798584,106.69820534350269
2017-04-21,63761.0,3.1470999717712402,106.69820534350269
2017-04-24,64389.0,3.1468000411987305,106.74289695379287
2017-04-25,65148.0,3.127000093460083,106.78760728361092
2017-04-26,64862.0,3.147200107574463,106.83233634079772
2017-04-27,64677.0,3.171099901199341,106.87708413319741
2017-04-28,65403.0,3.1810998916625977,106.92185066865743
2017-05-01,65403.0,3.176100015640259,106.92185066865743
2017-05-02,66722.0,3.175100088119507,106.9666359550285
2017-05-03,66094.0,3.1501998901367188,107.0114400001646
2017-05-04,64863.0,3.162100076675415,107.05626281192306
2017-05-05,65710.0,3.1849000453948975,107.10110439816445
2017-05-08,65526.0,3.1777000427246094,107.14596476675264
2017-05-09,66278.0,3.1963999271392822,107.19084392555484
2017-05-10,67350.0,3.186800003051758,107.23574188244149
2017-05-11,67538.0,3.1656999588012695,107.28065864528635
2017-05-12,68222.0,3.1389999389648438,107.3255942219665
2017-05-15,68474.0,3.1777000427246094,107.3705486203623
2017-05-16,68684.0,3.1082000732421875,107.41552184835741
2017-05-17,67540.0,3.0957999229431152,107.4605139138388
2017-05-18,61597.0,3.1333999633789062,107.50552482469674
2017-05-19,62639.0,3.36899995803833,107.55055458882478
2017-05-22,61673.0,3.2532999515533447,107.59560321411985
2017-05-23,62662.0,3.265399932861328,107.6406707084821
2017-05-24,63257.0,3.2685999870300293,107.68575707981505
2017-05-25,63227.0,3.274199962615967,107.7308623360255
2017-05-26,64085.0,3.2734999656677246,107.77598648502355
2017-05-29,63761.0,3.1777000427246094,107.82112953472267
2017-05-30,63962.0,3.2553999423980713,107.86629149303957
2017-05-31,62711.0,3.256200075149536,107.91147236789433
2017-06-01,62289.0,3.225100040435791,107.95283915171183
2017-06-02,62511.0,3.249000072479248,107.99422179307226
2017-06-05,62450.0,3.2492001056671143,108.0356202980544
2017-06-06,62955.0,3.296099901199341,108.07703467273946
2017-06-07,63171.0,3.2760000228881836,108.11846492321091
2017-06-08,62756.0,3.2672998905181885,108.15991105555456
2017-06-09,62211.0,3.2595999240875244,108.2013730758586
2017-06-12,61700.0,3.1777000427246094,108.2428509902135
2017-06-13,61829.0,3.316699981689453,108.28434480471208
2017-06-14,61923.0,3.3143999576568604,108.32585452544951
2017-06-15,61923.0,3.272599935531616,108.32585452544951
2017-06-16,61626.0,3.2736001014709473,108.3673801585233
2017-06-19,62014.0,3.288599967956543,108.40892171003327
2017-06-20,60766.0,3.281100034713745,108.4504791860816
2017-06-21,60762.0,3.325500011444092,108.4920525927728
2017-06-22,61272.0,3.333400011062622,108.53364193621371
2017-06-23,61087.0,3.3396999835968018,108.57524722251353
2017-06-26,62188.0,3.3415000438690186,108.6168684577838
2017-06-27,61675.0,3.294800043106079,108.65850564813839
2017-06-28,62018.0,3.312000036239624,108.70015879969355
2017-06-29,62239.0,3.2795000076293945,108.74182791856781
2017-06-30,62900.0,3.3027000427246094,108.78351301088212
2017-07-03,63280.0,3.1777000427246094,108.82521408275969
2017-07-04,63232.0,3.30049991607666,108.86693114032617
2017-07-05,63154.0,3.3092000484466553,108.9086641897095
2017-07-06,62470.0,3.2869999408721924,108.95041323703998
2017-07-07,62322.0,3.297300100326538,108.99217828845028
2017-07-10,63025.0,3.1777000427246094,109.03395935007536
2017-07-11,63832.0,3.1777000427246094,109.0757564280526
2017-07-12,64836.0,3.2530999183654785,109.11756952852174
2017-07-13,65178.0,3.2067999839782715,109.1593986576248
2017-07-14,65436.0,3.2100000381469727,109.20124382150622
2017-07-17,65212.0,3.1777000427246094,109.24310502631276
2017-07-18,65338.0,3.1812000274658203,109.28498227819354
2017-07-19,65180.0,3.1526999473571777,109.32687558330005
2017-07-20,64938.0,3.147700071334839,109.36878494778614
2017-07-21,64684.0,3.1184000968933105,109.41071037780803
2017-07-24,65100.0,3.1777000427246094,109.45265187952424
2017-07-25,65668.0,3.144399881362915,109.49460945909573
2017-07-26,65011.0,3.1712000370025635,109.53658312268577
2017-07-27,65277.0,3.137500047683716,109.57460655678514
2017-07-28,65497.0,3.152600049972534,109.6126431899592
2017-07-31,65920.0,3.1777000427246094,109.65069302678974
2017-08-01,66516.0,3.1257998943328857,109.68875607186013
2017-08-02,67136.0,3.12280011177063,109.72683232975535
2017-08-03,66777.0,3.1122000217437744,109.76492180506199
2017-08-04,66898.0,3.1115000247955322,109.80302450236819
2017-08-07,67940.0,3.129300117492676,109.84114042626369
2017-08-08,67899.0,3.1242001056671143,109.87926958133987
2017-08-09,67671.0,3.1259000301361084,109.91741197218963
2017-08-10,66992.0,3.1522998809814453,109.95556760340752
2017-08-11,67359.0,3.1735999584198,109.9937364795897
2017-08-14,68285.0,3.1777000427246094,110.03191860533386
2017-08-15,68355.0,3.1872000694274902,110.07011398523932
2017-08-16,68594.0,3.16759991645813,110.10832262390701
2017-08-17,67977.0,3.151400089263916,110.14654452593946
2017-08-18,68715.0,3.17330002784729,110.18477969594073
2017-08-21,68635.0,3.1777000427246094,110.22302813851658
2017-08-22,70011.0,3.1630001068115234,110.2612898582743
2017-08-23,70478.0,3.1605000495910645,110.2995648598228
2017-08-24,71133.0,3.1393001079559326,110.33785314777258
2017-08-25,71074.0,3.1465001106262207,110.37615472673576
2017-08-28,71017.0,3.1586999893188477,110.41446960132606
2017-08-29,71330.0,3.165800094604492,110.45279777615877
2017-08-30,70886.0,3.1642000675201416,110.49113925585081
2017-08-31,70835.0,3.158799886703491,110.52949404502068
2017-09-01,71923.0,3.1459999084472656,110.56786214828853
2017-09-04,72129.0,3.1777000427246094,110.60624357027606
2017-09-05,72151.0,3.139400005340576,110.6446383156066
2017-09-06,73412.0,3.115799903869629,110.6830463889051
2017-09-07,73412.0,3.097899913787842,110.6830463889051
2017-09-08,73079.0,3.097599983215332,110.71742343628301
2017-09-11,74319.0,3.1777000427246094,110.75181116082808
2017-09-12,74539.0,3.0996999740600586,110.78620956585652
2017-09-13,74788.0,3.1219000816345215,110.82061865468557
2017-09-14,74657.0,3.1315999031066895,110.85503843063353
2017-09-15,75757.0,3.1180999279022217,110.8894688970197
2017-09-18,75990.0,3.1096999645233154,110.92391005716442
2017-09-19,75974.0,3.1349000930786133,110.95836191438909
2017-09-20,76004.0,3.1328001022338867,110.99282447201605
2017-09-21,75604.0,3.1305999755859375,111.02729773336884
2017-09-22,75390.0,3.134500026702881,111.06178170177184
2017-09-25,74443.0,3.123500108718872,111.09627638055059
2017-09-26,74319.0,3.1572999954223633,111.13078177303164
2017-09-27,73797.0,3.1638998985290527,111.16529788254252
2017-09-28,73567.0,3.1919000148773193,111.19982471241185
2017-09-29,74294.0,3.1809000968933105,111.23436226596928
2017-10-02,74360.0,3.1633999347686768,111.26891054654547
2017-10-03,76763.0,3.152899980545044,111.30346955747213
2017-10-04,76591.0,3.1407999992370605,111.33803930208197
2017-10-05,76618.0,3.13319993019104,111.3726197837088
2017-10-06,76055.0,3.152400016784668,111.40721100568743
2017-10-09,75727.0,3.1554999351501465,111.44181297135367
2017-10-10,76897.0,3.186800003051758,111.47642568404443
2017-10-11,76660.0,3.177799940109253,111.51104914709764
2017-10-12,76660.0,3.1696999073028564,111.51104914709764
2017-10-13,76990.0,3.1689999103546143,111.54568336385225
2017-10-16,76892.0,3.146199941635132,111.58032833764821
2017-10-17,76201.0,3.170300006866455,111.6149840718266
2017-10-18,76591.0,3.156100034713745,111.64965056972946
2017-10-19,76283.0,3.170099973678589,111.68432783469993
2017-10-20,76391.0,3.164900064468384,111.7190158700821
2017-10-23,75413.0,3.1909000873565674,111.75371467922119
2017-10-24,76350.0,3.2344000339508057,111.7884242654634
2017-10-25,76671.0,3.2425999641418457,111.82314463215602
2017-10-26,75896.0,3.2311999797821045,111.85478610916113
2017-10-27,75976.0,3.2864999771118164,111.88643653943859
2017-10-30,74800.0,3.234800100326538,111.9180959255218
2017-10-31,74308.0,3.2873001098632812,111.9497642699449
2017-11-01,73824.0,3.2695999145507812,111.98144157524273
2017-11-02,73824.0,3.266200065612793,111.98144157524273
2017-11-03,73915.0,3.2646000385284424,112.01312784395085
2017-11-06,74311.0,3.29259991645813,112.04482307860559
2017-11-07,72415.0,3.2479000091552734,112.07652728174394
2017-11-08,74363.0,3.2701001167297363,112.10824045590357
2017-11-09,72931.0,3.251300096511841,112.13996260362298
2017-11-10,72166.0,3.248699903488159,112.17169372744131
2017-11-13,72475.0,3.276400089263916,112.20343382989843
2017-11-14,70827.0,3.275899887084961,112.23518291353496
2017-11-15,70827.0,3.3118999004364014,112.23518291353496
2017-11-16,72512.0,3.3118999004364014,112.26694098089219
2017-11-17,73437.0,3.2706000804901123,112.29870803451215
2017-11-20,73437.0,3.254499912261963,112.3304840769376
2017-11-21,74595.0,3.253999948501587,112.362269110712
2017-11-22,74519.0,3.2572999000549316,112.39406313837958
2017-11-23,74487.0,3.222899913787842,112.42586616248522
2017-11-24,74157.0,3.2202999591827393,112.45767818557457
2017-11-27,74059.0,3.2328999042510986,112.48949921019398
2017-11-28,74140.0,3.2263998985290527,112.52132923889052
2017-11-29,72700.0,3.209700107574463,112.55316827421196
2017-11-30,71971.0,3.244800090789795,112.58501631870683
2017-12-01,72264.0,3.271199941635132,112.61687337492438
2017-12-04,73090.0,3.2574000358581543,112.64873944541456
2017-12-05,72546.0,3.2425999641418457,112.68061453272804
2017-12-06,73268.0,3.240299940109253,112.71249863941624
2017-12-07,72487.0,3.234299898147583,112.74230433255646
2017-12-08,72732.0,3.2871999740600586,112.77211790751416
2017-12-11,72800.0,3.2878000736236572,112.80193936637362
2017-12-12,73814.0,3.303299903869629,112.83176871121967
2017-12-13,72914.0,3.303100109100342,112.86160594413768
2017-12-14,72429.0,3.3085999488830566,112.89145106721354
2017-12-15,72608.0,3.340399980545044,112.92130408253375
2017-12-18,73115.0,3.2920000553131104,112.95116499218534
2017-12-19,72680.0,3.2904999256134033,112.98103379825588
2017-12-20,73367.0,3.2885000705718994,113.0109105028335
2017-12-21,75133.0,3.2964999675750732,113.04079510800686
2017-12-22,75187.0,3.30679988861084,113.07068761586522
2017-12-25,75187.0,3.3380000591278076,113.07068761586522
2017-12-26,75688.0,3.3355000019073486,113.10058802849836
2017-12-27,76073.0,3.3097000122070312,113.13049634799661
2017-12-28,76402.0,3.3132998943328857,113.16041257645088
2017-12-29,76402.0,3.3111000061035156,113.1903367159526
2018-01-01,76402.0,3.3076000213623047,113.1903367159526
2018-01-02,77891.0,3.311000108718872,113.22026876859377
2018-01-03,77995.0,3.2578001022338867,113.25020873646694
2018-01-04,78647.0,3.2355000972747803,113.28015662166521
2018-01-05,79071.0,3.233099937438965,113.31011242628226
2018-01-08,79379.0,3.226599931716919,113.34007615241227
2018-01-09,78864.0,3.239000082015991,113.37004780215001
2018-01-10,78201.0,3.246799945831299,113.4000273775908
2018-01-11,79365.0,3.2263998985290527,113.43001488083053
2018-01-12,79349.0,3.214200019836426,113.46001031396563
2018-01-15,79752.0,3.200700044631958,113.49001367909304
2018-01-16,79832.0,3.213200092315674,113.52002497831035
2018-01-17,81189.0,3.2227001190185547,113.55004421371562
2018-01-18,80963.0,3.2221999168395996,113.58007138740749
2018-01-19,81220.0,3.2051000595092773,113.61010650148518
2018-01-22,81675.0,3.194700002670288,113.64014955804845
2018-01-23,80678.0,3.200700044631958,113.67020055919758
2018-01-24,83680.0,3.2355000972747803,113.70025950703346
2018-01-25,83680.0,3.1451001167297363,113.7303264036575
2018-01-26,85531.0,3.146899938583374,113.76040125117169
2018-01-29,84698.0,3.1510000228881836,113.79048405167855
2018-01-30,84482.0,3.153599977493286,113.82057480728119
2018-01-31,84913.0,3.179500102996826,113.85067352008322
2018-02-01,85495.0,3.1847000122070312,113.88078019218888
2018-02-02,84041.0,3.1637001037597656,113.91089482570291
2018-02-05,81861.0,3.215399980545044,113.94101742273062
2018-02-06,83894.0,3.2611000537872314,113.97114798537788
2018-02-07,82767.0,3.2334001064300537,114.00128651575115
2018-02-08,81533.0,3.26990008354187,114.03037394400566
2018-02-09,80899.0,3.284600019454956,114.05946879391749
2018-02-12,80899.0,3.290800094604492,114.05946879391749
2018-02-13,80899.0,3.2939999103546143,114.05946879391749
2018-02-14,83543.0,3.2941999435424805,114.08857106738026
2018-02-15,84291.0,3.216200113296509,114.11768076628812
2018-02-16,84525.0,3.2263998985290527,114.14679789253566
2018-02-19,84793.0,3.2281999588012695,114.17592244801796
2018-02-20,85804.0,3.233099937438965,114.20505443463058
2018-02-21,86052.0,3.254300117492676,114.23419385426958
2018-02-22,86686.0,3.2676000595092773,114.2633407088315
2018-02-23,87293.0,3.248699903488159,114.29249500021336
2018-02-26,87653.0,3.2372000217437744,114.3216567303127
2018-02-27,86935.0,3.2225000858306885,114.35082590102745
2018-02-28,85481.0,3.248500108718872,114.3800025142561
2018-03-01,85378.0,3.244800090789795,114.40918657189762
2018-03-02,85761.0,3.25,114.43837807585146
2018-03-05,86023.0,3.2495999336242676,114.46757702801753
2018-03-06,85653.0,3.240999937057495,114.49678343029623
2018-03-07,85484.0,3.2079999446868896,114.52599728458847
2018-03-08,84985.0,3.2428998947143555,114.55521859279565
2018-03-09,86371.0,3.2660999298095703,114.58444735681961
2018-03-12,86900.0,3.2560999393463135,114.61368357856271
2018-03-13,86384.0,3.2602999210357666,114.6429272599278
2018-03-14,86051.0,3.258699893951416,114.67217840281818
2018-03-15,84928.0,3.258500099182129,114.70143700913766
2018-03-16,84886.0,3.282099962234497,114.73070308079056
2018-03-19,83913.0,3.280100107192993,114.75997661968165
2018-03-20,84164.0,3.28410005569458,114.78925762771617
2018-03-21,84977.0,3.3087000846862793,114.81854610679989
2018-03-22,84768.0,3.272700071334839,114.84677194998932
2018-03-23,84377.0,3.3141000270843506,114.87500473193776
2018-03-26,85088.0,3.314500093460083,114.90324445435101
2018-03-27,83808.0,3.31030011177063,114.93149111893521
2018-03-28,83874.0,3.3229000568389893,114.95974472739697
2018-03-29,85366.0,3.3192999362945557,114.98800528144328
2018-03-30,85366.0,3.303499937057495,114.98800528144328
2018-04-02,84666.0,3.302000045776367,115.01627278278161
2018-04-03,84623.0,3.3094000816345215,115.04454723311979
2018-04-04,84360.0,3.339400053024292,115.0728286341661
2018-04-05,85210.0,3.327699899673462,115.10111698762924
2018-04-06,84820.0,3.341599941253662,115.12941229521829
2018-04-09,83307.0,3.367500066757202,115.15771455864281
2018-04-10,84510.0,3.4210000038146973,115.18602377961275
2018-04-11,85246.0,3.4072999954223633,115.2143399598385
2018-04-12,85444.0,3.3731000423431396,115.24266310103081
2018-04-13,84334.0,3.4110000133514404,115.27099320490093
2018-04-16,82862.0,3.424299955368042,115.29933027316048
2018-04-17,84086.0,3.416100025177002,115.3276743075215
2018-04-18,85776.0,3.4058001041412354,115.3560253096965
2018-04-19,85824.0,3.3770999908447266,115.38438328139837
2018-04-20,85550.0,3.382699966430664,115.41274822434042
2018-04-23,85602.0,3.4137001037597656,115.4411201402364
2018-04-24,85469.0,3.448899984359741,115.46949903080046
2018-04-25,85044.0,3.4714999198913574,115.4978848977472
2018-04-26,86383.0,3.4809000492095947,115.5262777427916
2018-04-27,86445.0,3.4742000102996826,115.5546775676491
2018-04-30,86115.0,3.4581000804901123,115.58308437403555
2018-05-01,86115.0,3.5058000087738037,115.58308437403555
2018-05-02,84547.0,3.5060999393463135,115.6114981636672
2018-05-03,83288.0,3.5495998859405518,115.63991893826075
2018-05-04,83118.0,3.526599884033203,115.66834669953334
2018-05-07,82714.0,3.5255000591278076,115.69678144920248
2018-05-08,82956.0,3.5492000579833984,115.72522318898612
2018-05-09,84265.0,3.5618999004364014,115.75367192060267
2018-05-10,85861.0,3.5903000831604004,115.7821276457709
2018-05-11,85220.0,3.549499988555908,115.81059036621004
2018-05-14,85232.0,3.6029000282287598,115.83906008363975
2018-05-15,85130.0,3.6215999126434326,115.8675367997801
2018-05-16,86537.0,3.648699998855591,115.89602051635157
2018-05-17,83622.0,3.6744000911712646,115.9245112350751
2018-05-18,83082.0,3.6951000690460205,115.953008957672
2018-05-21,81815.0,3.7383999824523926,115.98151368586404
2018-05-22,82739.0,3.6756999492645264,116.01002542137341
2018-05-23,80867.0,3.6459999084472656,116.03854416592274
2018-05-24,80122.0,3.6256000995635986,116.06706992123503
2018-05-25,78898.0,3.648099899291992,116.09560268903377
2018-05-28,75356.0,3.626199960708618,116.12414247104279
2018-05-29,76072.0,3.7342000007629395,116.15268926898644
2018-05-30,76754.0,3.724100112915039,116.18124308458941
2018-05-31,76754.0,3.722100019454956,116.18124308458941
2018-06-01,77240.0,3.7219998836517334,116.2098039195769
2018-06-04,78596.0,3.7616000175476074,116.23837177567442
2018-06-05,76642.0,3.744499921798706,116.26694665460802
2018-06-06,76117.0,3.80430006980896,116.2955285581041
2018-06-07,73851.0,3.843400001525879,116.32411748788954
2018-06-08,72942.0,3.900700092315674,116.35271344569156
2018-06-11,72308.0,3.704900026321411,116.3813164332379
2018-06-12,72754.0,3.7088000774383545,116.40992645225667
2018-06-13,72122.0,3.7149999141693115,116.43854350447643
2018-06-14,71421.0,3.7188000679016113,116.46716759162612
2018-06-15,70758.0,3.803999900817871,116.49579871543516
2018-06-18,69815.0,3.7286999225616455,116.52443687763336
2018-06-19,71394.0,3.7462000846862793,116.55308207995098
2018-06-20,72123.0,3.744999885559082,116.58173432411868
2018-06-21,70075.0,3.7690999507904053,116.61039361186758
2018-06-22,70641.0,3.7651000022888184,116.63905994492919
2018-06-25,70953.0,3.78629994392395,116.66773332503544
2018-06-26,71405.0,3.775099992752075,116.69641375391873
2018-06-27,70609.0,3.795799970626831,116.72510123331183
2018-06-28,71767.0,3.860100030899048,116.753795764948
2018-06-29,72763.0,3.859499931335449,116.78249735056087
2018-07-02,72840.0,3.8756000995635986,116.81120599188455
2018-07-03,73668.0,3.912600040435791,116.83992169065351
2018-07-04,74743.0,3.8963000774383545,116.86864444860272
2018-07-05,74553.0,3.9110000133514404,116.89737426746751
2018-07-06,75010.0,3.931299924850464,116.92611114898368
2018-07-09,75010.0,3.8659000396728516,116.9548550948874
2018-07-10,74862.0,3.871299982070923,116.98360610691539
2018-07-11,74399.0,3.8150999546051025,117.01236418680463
2018-07-12,75856.0,3.8761000633239746,117.04112933629264
2018-07-13,76594.0,3.88070011138916,117.06990155711739
2018-07-16,76653.0,3.849400043487549,117.09868085101715
2018-07-17,78130.0,3.8559999465942383,117.12746721973075
2018-07-18,77363.0,3.835900068283081,117.15626066499736
2018-07-19,77487.0,3.8492000102996826,117.18506118855663
2018-07-20,78571.0,3.8285000324249268,117.21386879214859
2018-07-23,77996.0,3.7708001136779785,117.24268347751374
2018-07-24,79155.0,3.780400037765503,117.271505246393
2018-07-25,80218.0,3.7460999488830566,117.30033410052772
2018-07-26,79405.0,3.6863999366760254,117.32917004165964
2018-07-27,79866.0,3.74429988861084,117.35801307153098
2018-07-30,80276.0,3.7111001014709473,117.38686319188434
2018-07-31,79220.0,3.728100061416626,117.4157204044628
2018-08-01,79302.0,3.753000020980835,117.44458471100982
2018-08-02,79637.0,3.746999979019165,117.47345611326932
2018-08-03,81435.0,3.7483999729156494,117.50233461298562
2018-08-06,81051.0,3.7023000717163086,117.53122021190352
2018-08-07,80347.0,3.734499931335449,117.5601129117682
2018-08-08,79152.0,3.750499963760376,117.58901271432529
2018-08-09,78768.0,3.7701001167297363,117.61791962132084
2018-08-10,76514.0,3.7995998859405518,117.64683363450135
2018-08-13,77496.0,3.8654000759124756,117.6757547556137
2018-08-14,78602.0,3.881999969482422,117.70468298640526
2018-08-15,77078.0,3.8643999099731445,117.73361832862379
2018-08-16,76819.0,3.900599956512451,117.7625607840175
2018-08-17,76029.0,3.903899908065796,117.79151035433502
2018-08-20,76328.0,3.9098000526428223,117.8204670413254
2018-08-21,75180.0,3.9660000801086426,117.84943084673816
2018-08-22,76902.0,4.048500061035156,117.8784017723232
2018-08-23,75634.0,4.036900043487549,117.90737981983088
2018-08-24,76262.0,4.112299919128418,117.93636499101198
2018-08-27,77930.0,4.102799892425537,117.96535728761772
2018-08-28,77473.0,4.077499866485596,117.99435671139973
2018-08-29,78389.0,4.133900165557861,118.02336326411007
2018-08-30,76404.0,4.105500221252441,118.05237694750129
2018-08-31,76678.0,4.148600101470947,118.08139776332627
2018-09-03,76193.0,4.053699970245361,118.1104257133384
2018-09-04,74712.0,4.154799938201904,118.1394607992915
2018-09-05,75092.0,4.15369987487793,118.16850302293977
2018-09-06,76416.0,4.143099784851074,118.19755238603788
2018-09-07,76416.0,4.057300090789795,118.19755238603788
2018-09-10,76436.0,4.043799877166748,118.22660889034094
2018-09-11,74657.0,4.08459997177124,118.25567253760443
2018-09-12,75125.0,4.151599884033203,118.28474332958434
2018-09-13,74687.0,4.159800052642822,118.31382126803705
2018-09-14,75429.0,4.204999923706055,118.34290635471936
2018-09-17,76789.0,4.171999931335449,118.37199859138852
2018-09-18,78314.0,4.1321001052856445,118.40109797980223
2018-09-19,78169.0,4.158400058746338,118.4302045217186
2018-09-20,78116.0,4.130300045013428,118.45931821889614
2018-09-21,79444.0,4.076000213623047,118.48843907309387
2018-09-24,77984.0,4.050000190734863,118.5175670860712
2018-09-25,78630.0,4.091300010681152,118.54670225958795
2018-09-26,78656.0,4.073599815368652,118.5758445954044
2018-09-27,80000.0,4.030799865722656,118.60499409528127
2018-09-28,79342.0,4.01200008392334,118.6341507609797
2018-10-01,78624.0,4.052700042724609,118.66335848889706
2018-10-02,81612.0,4.01639986038208,118.69257340775702
2018-10-03,83273.0,3.939500093460083,118.72179551933002
2018-10-04,82953.0,3.900399923324585,118.75102482538689
2018-10-05,82322.0,3.8738999366760254,118.7802613276989
2018-10-08,86084.0,3.8357999324798584,118.8095050280378
2018-10-09,86088.0,3.7771999835968018,118.83875592817571
2018-10-10,83679.0,3.7147998809814453,118.86801402988525
2018-10-11,82921.0,3.7548000812530518,118.89727933493941
2018-10-12,82921.0,3.7815001010894775,118.89727933493941
2018-10-15,83360.0,3.781599998474121,118.92655184511167
2018-10-16,85718.0,3.7339000701904297,118.95583156217594
2018-10-17,85764.0,3.723599910736084,118.98511848790656
2018-10-18,83847.0,3.686199903488159,119.0144126240783
2018-10-19,84220.0,3.7202999591827393,119.04371397246636
2018-10-22,85597.0,3.710900068283081,119.0730225348464
2018-10-23,85300.0,3.682300090789795,119.10233831299448
2018-10-24,83064.0,3.6923999786376953,119.13166130868716
2018-10-25,84084.0,3.731100082397461,119.16099152370137
2018-10-26,85720.0,3.704900026321411,119.19032895981452
2018-10-29,83797.0,3.6415998935699463,119.21967361880444
2018-10-30,86886.0,3.7158000469207764,119.2490255024494
2018-10-31,87424.0,3.6946001052856445,119.27838461252811
2018-11-01,88419.0,3.7207000255584717,119.30775095081974
2018-11-02,88419.0,3.6949000358581543,119.30775095081974
2018-11-05,89598.0,3.700000047683716,119.33712451910384
2018-11-06,88669.0,3.724600076675415,119.36650531916044
2018-11-07,87714.0,3.7599000930786133,119.39589335277003
2018-11-08,85620.0,3.7304000854492188,119.42528862171349
2018-11-09,85641.0,3.759200096130371,119.45469112777216
2018-11-12,85525.0,3.7293999195098877,119.48410087272782
2018-11-13,84914.0,3.766400098800659,119.5135178583627
2018-11-14,85973.0,3.8013999462127686,119.54294208645943
2018-11-15,85973.0,3.782399892807007,119.54294208645943
2018-11-16,88515.0,3.782399892807007,119.57237355880113
2018-11-19,87901.0,3.742500066757202,119.6018122771713
2018-11-20,87901.0,3.7544000148773193,119.63125824335394
2018-11-21,87269.0,3.75570011138916,119.66071145913347
2018-11-22,87477.0,3.796099901199341,119.69017192629472
2018-11-23,86230.0,3.803100109100342,119.71963964662298
2018-11-26,85547.0,3.6730000972747803,119.74911462190398
2018-11-27,87891.0,3.93969988822937,119.77859685392391
2018-11-28,89251.0,3.873500108718872,119.80808634446936
2018-11-29,89710.0,3.8492000102996826,119.83758309532737
2018-11-30,89504.0,3.8510000705718994,119.86708710828545
2018-12-03,89820.0,3.8652000427246094,119.89659838513151
2018-12-04,88624.0,3.8408000469207764,119.92611692765394
2018-12-05,89040.0,3.851099967956543,119.95564273764154
2018-12-06,88846.0,3.8673999309539795,119.98517581688357
2018-12-07,88115.0,3.8777999877929688,120.0147161671697
2018-12-10,85915.0,3.9058001041412354,120.04426379029007
2018-12-11,86420.0,3.9166998863220215,120.07381868803526
2018-12-12,86977.0,3.902600049972534,120.10338086219627
2018-12-13,87838.0,3.854099988937378,120.13295031456454
2018-12-14,87450.0,3.890700101852417,120.162527046932
2018-12-17,86400.0,3.9154999256134033,120.19211106109096
2018-12-18,86610.0,3.897599935531616,120.22170235883421
2018-12-19,85674.0,3.910900115966797,120.25130094195495
2018-12-20,85269.0,3.896199941635132,120.28090681224688
2018-12-21,85697.0,3.838900089263916,120.31051997150406
2018-12-24,85697.0,3.843400001525879,120.34014042152106
2018-12-25,85697.0,3.902600049972534,120.34014042152106
2018-12-26,85136.0,3.9028000831604004,120.36976816409283
2018-12-27,85460.0,3.920599937438965,120.39940320101485
2018-12-28,87887.0,3.871500015258789,120.42904553408296
2018-12-31,87887.0,3.8742001056671143,120.45869516509346
2019-01-01,87887.0,3.880000114440918,120.45869516509346
2019-01-02,91012.0,3.8798999786376953,120.48835209584313
2019-01-03,91564.0,3.78629994392395,120.51801632812914
2019-01-04,91841.0,3.7551000118255615,120.54768786374912
2019-01-07,91699.0,3.6612000465393066,120.57736670450119
2019-01-08,92032.0,3.734100103378296,120.60705285218386
2019-01-09,93613.0,3.712399959564209,120.63674630859606
2019-01-10,93806.0,3.680000066757202,120.66644707553723
2019-01-11,93658.0,3.707900047302246,120.69615515480724
2019-01-14,94474.0,3.659600019454956,120.72587054820639
2019-01-15,94056.0,3.697499990463257,120.75559325753535
2019-01-16,94393.0,3.716399908065796,120.78532328459536
2019-01-17,95351.0,3.734299898147583,120.81506063118806
2019-01-18,96097.0,3.7488999366760254,120.84480529911545
2019-01-21,96010.0,3.750200033187866,120.8745572901801
2019-01-22,95103.0,3.7513999938964844,120.90431660618496
2019-01-23,96558.0,3.812000036239624,120.93408324893342
2019-01-24,97677.0,3.7623000144958496,120.96385722022931
2019-01-25,97677.0,3.7697999477386475,120.99363852187695
2019-01-28,95444.0,3.7695999145507812,121.02342715568103
2019-01-29,95639.0,3.7595999240875244,121.05322312344677
2019-01-30,96996.0,3.7184998989105225,121.08302642697977
2019-01-31,97394.0,3.6814000606536865,121.11283706808611
2019-02-01,97861.0,3.6428000926971436,121.1426550485723
2019-02-04,98589.0,3.6572999954223633,121.17248037024527
2019-02-05,98311.0,3.6670000553131104,121.20231303491242
2019-02-06,94636.0,3.668299913406372,121.23215304438162
2019-02-07,94406.0,3.694700002670288,121.26200040046116
2019-02-08,95343.0,3.714900016784668,121.29185510495977
2019-02-11,94413.0,3.728600025177002,121.32171715968663
2019-02-12,96168.0,3.755199909210205,121.35158656645135
2019-02-13,95842.0,3.7079999446868896,121.38146332706403
2019-02-14,98015.0,3.753200054168701,121.41134744333517
2019-02-15,97526.0,3.7219998836517334,121.44123891707572
2019-02-18,96510.0,3.6468000411987305,121.47113775009713
2019-02-19,97659.0,3.7316999435424805,121.50104394421122
2019-02-20,96545.0,3.7219998836517334,121.53095750123029
2019-02-21,96932.0,3.7239999771118164,121.56087842296711
2019-02-22,97886.0,3.7664999961853027,121.59080671123486
2019-02-25,97240.0,3.746299982070923,121.62074236784717
2019-02-26,97603.0,3.7504000663757324,121.65068539461814
2019-02-27,97307.0,3.7471001148223877,121.6806357933623
2019-02-28,95584.0,3.727299928665161,121.71059356589464
2019-03-01,94604.0,3.747499942779541,121.74055871403058
2019-03-04,94604.0,3.721400022506714,121.74055871403058
2019-03-05,94604.0,3.7741000652313232,121.74055871403058
2019-03-06,94217.0,3.774399995803833,121.77053123958599
2019-03-07,94340.0,3.8368000984191895,121.80051114437718
2019-03-08,95365.0,3.86929988861084,121.83049843022093
2019-03-11,98027.0,3.8134000301361084,121.86049309893447
2019-03-12,97828.0,3.8373000621795654,121.89049515233543
2019-03-13,98904.0,3.8115999698638916,121.92050459224195
2019-03-14,98605.0,3.8132998943328857,121.95052142047258
2019-03-15,99137.0,3.8405001163482666,121.98054563884631
2019-03-18,99994.0,3.812999963760376,122.0105772491826
2019-03-19,99588.0,3.7899999618530273,122.04061625330137
2019-03-20,98041.0,3.7876999378204346,122.07066265302294
2019-03-21,96729.0,3.774199962615967,122.10071645016811
2019-03-22,93735.0,3.7909998893737793,122.13077764655816
2019-03-25,93662.0,3.9059998989105225,122.16084624401475
2019-03-26,95307.0,3.853600025177002,122.19092224436004
2019-03-27,91903.0,3.875,122.2210056494166
2019-03-28,94389.0,3.9881999492645264,122.25109646100749
2019-03-29,95415.0,3.897700071334839,122.28119468095619
2019-04-01,96054.0,3.922499895095825,122.31130031108665
2019-04-02,95387.0,3.8485000133514404,122.34141335322326
2019-04-03,94491.0,3.852299928665161,122.37153380919084
2019-04-04,96313.0,3.868299961090088,122.40166168081468
2019-04-05,97108.0,3.8559000492095947,122.4317969699205
2019-04-08,97369.0,3.874000072479248,122.4619396783345
2019-04-09,96292.0,3.8482000827789307,122.4920898078833
2019-04-10,95953.0,3.8480000495910645,122.522247360394
2019-04-11,94755.0,3.8239998817443848,122.55241233769414
2019-04-12,92875.0,3.855799913406372,122.5825847416117
2019-04-15,93083.0,3.8803000450134277,122.6127645739751
2019-04-16,94333.0,3.8703999519348145,122.64295183661322
2019-04-17,93285.0,3.9038000106811523,122.67314653135541
2019-04-18,94578.0,3.9367001056671143,122.70334866003145
2019-04-19,94578.0,3.9267001152038574,122.70334866003145
2019-04-22,94588.0,3.934499979019165,122.73355822447157
2019-04-23,95923.0,3.9340999126434326,122.76377522650644
2019-04-24,95045.0,3.918299913406372,122.7939996679672
2019-04-25,96552.0,3.9895999431610107,122.82423155068547
2019-04-26,96236.0,3.952699899673462,122.85447087649327
2019-04-29,96188.0,3.9291999340057373,122.88471764722306
2019-04-30,96353.0,3.9442999362945557,122.91497186470781
2019-05-01,96353.0,3.9168999195098877,122.91497186470781
2019-05-02,95528.0,3.919300079345703,122.94523353078091
2019-05-03,96008.0,3.966200113296509,122.97550264727619
2019-05-06,95009.0,3.9365999698638916,123.00577921602796
2019-05-07,94389.0,3.9681999683380127,123.03606323887095
2019-05-08,95597.0,3.9686999320983887,123.06635471764038
2019-05-09,94808.0,3.926300048828125,123.09665365417189
2019-05-10,94258.0,3.9453999996185303,123.12696005030155
2019-05-13,91727.0,3.959700107574463,123.15727390786594
2019-05-14,92092.0,3.990499973297119,123.18759522870208
2019-05-15,91623.0,3.975100040435791,123.2179240146474
2019-05-16,90024.0,3.9999001026153564,123.2482602675398
2019-05-17,89993.0,4.046199798583984,123.27860398921769
2019-05-20,91946.0,4.097400188446045,123.30895518151983
2019-05-21,94485.0,4.094900131225586,123.33931384628553
2019-05-22,94361.0,4.094900131225586,123.36967998535451
2019-05-23,93910.0,4.036799907684326,123.40005360056692
2019-05-24,93628.0,4.038700103759766,123.43043469376337
2019-05-27,94864.0,4.021200180053711,123.460823266785
2019-05-28,96393.0,4.042099952697754,123.4912193214733
2019-05-29,96567.0,4.023600101470947,123.52162285967026
2019-05-30,97457.0,3.973400115966797,123.55203388321831
2019-05-31,97030.0,3.9800000190734863,123.58245239396038
2019-06-03,97020.0,3.9242000579833984,123.61287839373978
2019-06-04,97380.0,3.8840999603271484,123.64331188440032
2019-06-05,95999.0,3.853600025177002,123.67375286778628
2019-06-06,97205.0,3.8794000148773193,123.70420134574233
2019-06-07,97821.0,3.8784000873565674,123.73465732011366
2019-06-10,97467.0,3.876499891281128,123.76512079274589
2019-06-11,98960.0,3.884500026702881,123.79559176548507
2019-06-12,98321.0,3.85509991645813,123.82607024017773
2019-06-13,98774.0,3.8659000396728516,123.85655621867086
2019-06-14,98040.0,3.8482000827789307,123.88704970281191
2019-06-17,97623.0,3.8945000171661377,123.91755069444874
2019-06-18,99404.0,3.88700008392334,123.94805919542972
2019-06-19,100303.0,3.859499931335449,123.97857520760365
2019-06-20,100303.0,3.835400104522705,123.97857520760365
2019-06-21,102013.0,3.8376998901367188,124.00909873281978
2019-06-24,102062.0,3.820499897003174,124.03962977292781
2019-06-25,100093.0,3.8255999088287354,124.07016832977793
2019-06-26,100689.0,3.8454999923706055,124.10071440522073
2019-06-27,100724.0,3.842900037765503,124.1312680011073
2019-06-28,100967.0,3.815999984741211,124.1618291192892
2019-07-01,101340.0,3.8494999408721924,124.19239776161837
2019-07-02,100605.0,3.839600086212158,124.22297392994727
2019-07-03,102043.0,3.843899965286255,124.25355762612884
2019-07-04,103636.0,3.825000047683716,124.2841488520164
2019-07-05,104089.0,3.800800085067749,124.31474760946377
2019-07-08,104530.0,3.8190999031066895,124.34535390032524
2019-07-09,104530.0,3.799099922180176,124.37596772645551
2019-07-10,105817.0,3.7990000247955322,124.40658908970978
2019-07-11,105146.0,3.7502999305725098,124.43721799194367
2019-07-12,103906.0,3.7548000812530518,124.4678544350133
2019-07-15,103803.0,3.7344000339508057,124.4984984207752
2019-07-16,103775.0,3.753700017929077,124.52914995108641
2019-07-17,103856.0,3.767199993133545,124.55980902780439
2019-07-18,104717.0,3.7618000507354736,124.59047565278705
2019-07-19,103452.0,3.717400074005127,124.62114982789276
2019-07-22,103949.0,3.7458999156951904,124.6518315549804
2019-07-23,103704.0,3.739799976348877,124.68252083590924
2019-07-24,104120.0,3.77239990234375,124.71321767253907
2019-07-25,102655.0,3.7713000774383545,124.74392206673006
2019-07-26,102819.0,3.7751998901367188,124.7746340203429
2019-07-29,103483.0,3.7734999656677246,124.80535353523872
2019-07-30,102933.0,3.780100107192993,124.83608061327911
2019-07-31,101812.0,3.789299964904785,124.8668152563261
2019-08-01,102126.0,3.8117001056671143,124.89522370546507
2019-08-02,102674.0,3.8373000621795654,124.92363861781028
2019-08-05,100098.0,3.8838999271392822,124.95205999483221
2019-08-06,102164.0,3.973099946975708,124.98048783800164
2019-08-07,102782.0,3.958699941635132,125.00892214878967
2019-08-08,104115.0,3.967400074005127,125.03736292866773
2019-08-09,103996.0,3.91759991645813,125.06581017910763
2019-08-12,101915.0,3.940200090408325,125.09426390158147
2019-08-13,103299.0,3.9839000701904297,125.12272409756171
2019-08-14,100258.0,3.962399959564209,125.15119076852115
2019-08-15,99057.0,4.050300121307373,125.17966391593289
2019-08-16,99806.0,3.9900999069213867,125.20814354127042
2019-08-19,99469.0,4.0046000480651855,125.23662964600749
2019-08-20,99222.0,4.073200225830078,125.26512223161824
2019-08-21,101202.0,4.051700115203857,125.29362129957715
2019-08-22,100011.0,4.02400016784668,125.32212685135902
2019-08-23,97667.0,4.067999839782715,125.35063888843897
2019-08-26,96430.0,4.126200199127197,125.37915741229246
2019-08-27,97276.0,4.151500225067139,125.40768242439533
2019-08-28,98194.0,4.122799873352051,125.4362139262237
2019-08-29,100524.0,4.167699813842773,125.46475191925406
2019-08-30,101135.0,4.168099880218506,125.4932964049632
2019-09-02,100626.0,4.143899917602539,125.5218473848283
2019-09-03,99681.0,4.1844000816345215,125.55040486032682
2019-09-04,101201.0,4.16510009765625,125.5789688329366
2019-09-05,102243.0,4.093200206756592,125.60753930413577
2019-09-06,102935.0,4.105999946594238,125.63611627540286
2019-09-09,103181.0,4.061299800872803,125.66469974821668
2019-09-10,103032.0,4.093400001525879,125.6932897240564
2019-09-11,103446.0,4.079500198364258,125.72188620440153
2019-09-12,104371.0,4.064199924468994,125.75048919073188
2019-09-13,103501.0,4.058899879455566,125.77909868452765
2019-09-16,103680.0,4.0854997634887695,125.80771468726937
2019-09-17,104617.0,4.0792999267578125,125.83633720043788
2019-09-18,104532.0,4.076000213623047,125.86496622551435
2019-09-19,104339.0,4.1072998046875,125.89123676126495
2019-09-20,104817.0,4.166600227355957,125.91751278020176
2019-09-23,104638.0,4.1483001708984375,125.94379428346924
2019-09-24,103876.0,4.161499977111816,125.9700812722121
2019-09-25,104481.0,4.1616997718811035,125.99637374757523
2019-09-26,105319.0,4.14709997177124,126.02267171070385
2019-09-27,105078.0,4.1691999435424805,126.04897516274332
2019-09-30,104745.0,4.157100200653076,126.07528410483928
2019-10-01,104053.0,4.154799938201904,126.10159853813765
2019-10-02,101031.0,4.154600143432617,126.12791846378452
2019-10-03,101516.0,4.1244001388549805,126.15424388292628
2019-10-04,102551.0,4.082900047302246,126.18057479670955
2019-10-07,100573.0,4.054599761962891,126.20691120628112
2019-10-08,99981.0,4.105100154876709,126.2332531127881
2019-10-09,101249.0,4.09089994430542,126.2596005173778
2019-10-10,101817.0,4.10830020904541,126.28595342119782
2019-10-11,103832.0,4.108399868011475,126.31231182539588
2019-10-14,104302.0,4.108500003814697,126.3386757311201
2019-10-15,104490.0,4.123700141906738,126.3650451395187
2019-10-16,105423.0,4.178599834442139,126.39142005174023
2019-10-17,105016.0,4.148600101470947,126.41780046893342
2019-10-18,104729.0,4.161099910736084,126.4441863922473
2019-10-21,106022.0,4.111100196838379,126.4705778228311
2019-10-22,107381.0,4.1247639656066895,126.49697476183431
2019-10-23,107544.0,4.078400135040283,126.52337721040661
2019-10-24,106986.0,4.033100128173828,126.54978516969797
2019-10-25,107364.0,4.039299964904785,126.5761986408586
2019-10-28,108187.0,4.002900123596191,126.60261762503893
2019-10-29,107556.0,3.988800048828125,126.62904212338964
2019-10-30,108408.0,3.9967000484466553,126.65547213706164
2019-10-31,107220.0,3.9862000942230225,126.67951767844686
2019-11-01,108196.0,4.015999794006348,126.7035677848781
2019-11-04,108601.0,3.9893999099731445,126.72762245722204
2019-11-05,108451.0,4.010799884796143,126.75168169634554
2019-11-06,108336.0,3.992000102996826,126.77574550311559
2019-11-07,109581.0,4.082300186157227,126.79981387839933
2019-11-08,107629.0,4.0995001792907715,126.82388682306413
2019-11-11,108215.0,4.133399963378906,126.84796433797749
2019-11-12,106785.0,4.151299953460693,126.87204642400704
2019-11-13,105914.0,4.167900085449219,126.89613308202064
2019-11-14,106557.0,4.168600082397461,126.92022431288625
2019-11-15,106557.0,4.194300174713135,126.92022431288625
2019-11-18,106347.0,4.194799900054932,126.94432011747206
2019-11-19,105618.0,4.216400146484375,126.96842049664635
2019-11-20,105618.0,4.191699981689453,126.99252545127761
2019-11-21,107497.0,4.195000171661377,127.01663498223452
2019-11-22,108692.0,4.191699981689453,127.0407490903859
2019-11-25,108424.0,4.195000171661377,127.06486777660069
2019-11-26,107059.0,4.225399971008301,127.08899104174807
2019-11-27,107708.0,4.231800079345703,127.11311888669734
2019-11-28,108290.0,4.262700080871582,127.13725131231797
2019-11-29,108233.0,4.188000202178955,127.16138831947961
2019-12-02,109061.0,4.236100196838379,127.18552990905205
2019-12-03,108956.0,4.222300052642822,127.20967608190527
2019-12-04,110301.0,4.203999996185303,127.23382683890942
2019-12-05,110622.0,4.206099987030029,127.25798218093477
2019-12-06,111126.0,4.184599876403809,127.28214210885183
2019-12-09,110977.0,4.118899822235107,127.30630662353117
2019-12-10,110672.0,4.14109992980957,127.33047572584364
2019-12-11,110964.0,4.144599914550781,127.3546494166602
2019-12-12,112200.0,4.123700141906738,127.37641305269901
2019-12-13,112565.0,4.087247848510742,127.39818040792557
2019-12-16,111896.0,4.0858001708984375,127.41995148297546
2019-12-17,112616.0,4.0619001388549805,127.44172627848438
2019-12-18,114315.0,4.070199966430664,127.4635047950881
2019-12-19,115131.0,4.059662818908691,127.48528703342252
2019-12-20,115121.0,4.06879997253418,127.50707299412365
2019-12-23,115863.0,4.079899787902832,127.52886267782762
2019-12-24,115863.0,4.081999778747559,127.55065608517062
2019-12-25,115863.0,4.082799911499023,127.55065608517062
2019-12-26,117203.0,4.083000183105469,127.572453216789
2019-12-27,116534.0,4.054699897766113,127.5942540733192
2019-12-30,115964.0,4.022299766540527,127.61605865539781
2019-12-31,115964.0,4.015710830688477,127.63786696366142
2020-01-01,115964.0,4.016786098480225,127.63786696366142
2020-01-02,118573.0,4.016300201416016,127.65967899874681
2020-01-03,117707.0,4.023399829864502,127.68149476129089
2020-01-06,116878.0,4.057000160217285,127.70331425193065
2020-01-07,116662.0,4.060400009155273,127.72513747130314
2020-01-08,116247.0,4.066199779510498,127.7469644200456
2020-01-09,115947.0,4.06279993057251,127.76879509879532
2020-01-10,115503.0,4.092100143432617,127.79062950818975
2020-01-13,117325.0,4.070499897003174,127.8124676488664
2020-01-14,117632.0,4.1458001136779785,127.83430952146291
2020-01-15,116414.0,4.13129997253418,127.85615512661701
2020-01-16,116704.0,4.174200057983398,127.8780044649666
2020-01-17,118478.0,4.183599948883057,127.89985753714961
2020-01-20,118862.0,4.161600112915039,127.92171434380413
2020-01-21,117026.0,4.188499927520752,127.94357488556834
2020-01-22,118391.0,4.210899829864502,127.96543916308052
2020-01-23,119528.0,4.181300163269043,127.98730717697909
2020-01-24,118376.0,4.169099807739258,128.00917892790255
2020-01-27,114482.0,4.1595001220703125,128.03105441648955
2020-01-28,116479.0,4.206099987030029,128.05293364337876
2020-01-29,115385.0,4.193399906158447,128.07481660920908
2020-01-30,115528.0,4.228899955749512,128.09670331461942
2020-01-31,113761.0,4.242199897766113,128.11859376024884
2020-02-03,114629.0,4.282599925994873,128.14048794673653
2020-02-04,115557.0,4.246799945831299,128.16238587472176
2020-02-05,116028.0,4.253699779510498,128.18428754484387
2020-02-06,115190.0,4.23360013961792,128.204972643325
2020-02-07,113770.0,4.280799865722656,128.22566107976044
2020-02-10,112570.0,4.320400238037109,128.2463528546889
2020-02-11,115371.0,4.320974826812744,128.26704796864908
2020-02-12,116674.0,4.327530860900879,128.28774642217977
2020-02-13,115662.0,4.354499816894531,128.30844821581994
2020-02-14,114381.0,4.346766948699951,128.32915335010853
2020-02-17,115309.0,4.296999931335449,128.34986182558464
2020-02-18,114977.0,4.326499938964844,128.37057364278743
2020-02-19,116518.0,4.354800224304199,128.39128880225618
2020-02-20,114586.0,4.363999843597412,128.41200730453022
2020-02-21,113681.0,4.392300128936768,128.43272915014896
2020-02-24,113681.0,4.389800071716309,128.43272915014896
2020-02-25,113681.0,4.386600017547607,128.43272915014896
2020-02-26,105718.0,4.3867998123168945,128.45345433965193
2020-02-27,102984.0,4.449100017547607,128.4741828735787
2020-02-28,104172.0,4.484799861907959,128.49491475246904
2020-03-02,106625.0,4.441299915313721,128.51564997686265
2020-03-03,105537.0,4.472400188446045,128.5363885472994
2020-03-04,107224.0,4.513199806213379,128.5571304643193
2020-03-05,102233.0,4.583399772644043,128.57787572846235
2020-03-06,97997.0,4.606200218200684,128.59862434026863
2020-03-09,86067.0,4.589799880981445,128.61937630027842
2020-03-10,92214.0,4.722899913787842,128.640131609032
2020-03-11,85171.0,4.642099857330322,128.66089026706976
2020-03-12,72583.0,4.813799858093262,128.68165227493216
2020-03-13,82678.0,4.790200233459473,128.70241763315977
2020-03-16,71168.0,4.85260009765625,128.72318634229325
2020-03-17,74617.0,4.999000072479248,128.74395840287332
2020-03-18,66895.0,5.009699821472168,128.7647338154408
2020-03-19,68332.0,5.103961944580078,128.78305317412074
2020-03-20,67069.0,5.094200134277344,128.80137513909582
2020-03-23,63570.0,5.045499801635742,128.81969971073687
2020-03-24,69729.0,5.14169979095459,128.8380268894147
2020-03-25,74956.0,5.098100185394287,128.85635667550025
2020-03-26,77710.0,5.033699989318848,128.87468906936448
2020-03-27,73429.0,5.022600173950195,128.89302407137836
2020-03-30,74640.0,5.104629039764404,128.911361681913
2020-03-31,73020.0,5.192699909210205,128.92970190133948
2020-04-01,70967.0,5.203499794006348,128.94804473002898
2020-04-02,72253.0,5.248199939727783,128.96639016835272
2020-04-03,69538.0,5.255300045013428,128.98473821668196
2020-04-06,74073.0,5.348499774932861,129.00308887538804
2020-04-07,76358.0,5.285299777984619,129.02144214484235
2020-04-08,78625.0,5.221700191497803,129.0397980254163
2020-04-09,77682.0,5.123499870300293,129.0581565174814
2020-04-10,77682.0,5.105800151824951,129.0581565174814
2020-04-13,78836.0,5.105500221252441,129.07651762140912
2020-04-14,79918.0,5.198500156402588,129.0948813375711
2020-04-15,78831.0,5.1620001792907715,129.11324766633902
2020-04-16,77812.0,5.236999988555908,129.13161660808453
2020-04-17,78990.0,5.230899810791016,129.14998816317936
2020-04-20,78973.0,5.232699871063232,129.16836233199533
2020-04-21,78973.0,5.315400123596191,129.16836233199533
2020-04-22,80687.0,5.315000057220459,129.1867391149043
2020-04-23,79673.0,5.456900119781494,129.20511851227818
2020-04-24,75331.0,5.533100128173828,129.2235005244889
2020-04-27,78239.0,5.5725998878479,129.24188515190852
2020-04-28,81312.0,5.652599811553955,129.2602723949091
2020-04-29,83171.0,5.497399806976318,129.2786622538627
2020-04-30,80506.0,5.334799766540527,129.29705472914156
2020-05-01,80506.0,5.486000061035156,129.29705472914156
2020-05-04,78876.0,5.4770002365112305,129.31544982111788
2020-05-05,79471.0,5.540599822998047,129.33384753016395
2020-05-06,79064.0,5.578100204467773,129.35224785665207
2020-05-07,78119.0,5.715199947357178,129.3669228691714
2020-05-08,80263.0,5.828719139099121,129.3815995465709
2020-05-11,79065.0,5.4770002365112305,129.39627788903945
2020-05-12,77872.0,5.8171000480651855,129.41095789676595
2020-05-13,77772.0,5.884799957275391,129.42563956993934
2020-05-14,79011.0,5.88640022277832,129.44032290874853
2020-05-15,77557.0,5.8094000816345215,129.45500791338253
2020-05-18,81194.0,5.855199813842773,129.4696945840303
2020-05-19,80742.0,5.718999862670898,129.48438292088085
2020-05-20,81319.0,5.755199909210205,129.49907292412323
2020-05-21,83027.0,5.690499782562256,129.51376459394646
2020-05-22,82173.0,5.5524001121521,129.52845793053964
2020-05-25,85663.0,5.52869987487793,129.54315293409186
2020-05-26,85469.0,5.443399906158447,129.55784960479224
2020-05-27,87946.0,5.343999862670898,129.5725479428299
2020-05-28,86949.0,5.27269983291626,129.58724794839404
2020-05-29,87403.0,5.403600215911865,129.60194962167378
2020-06-01,88620.0,5.334799766540527,129.61665296285832
2020-06-02,91046.0,5.366499900817871,129.63135797213695
2020-06-03,93002.0,5.1992998123168945,129.6460646496989
2020-06-04,93829.0,5.061600208282471,129.6607729957334
2020-06-05,94637.0,5.117199897766113,129.67548301042976
2020-06-08,97645.0,4.959499835968018,129.69019469397728
2020-06-09,96747.0,4.821599960327148,129.7049080465653
2020-06-10,94686.0,4.898399829864502,129.71962306838316
2020-06-11,94686.0,4.9721999168396,129.71962306838316
2020-06-12,92795.0,4.974999904632568,129.73433975962024
2020-06-15,92376.0,5.047800064086914,129.74905812046597
2020-06-16,93531.0,5.153206825256348,129.76377815110973
2020-06-17,95547.0,5.243599891662598,129.77849985174097
2020-06-18,96125.0,5.22790002822876,129.78945575269847
2020-06-19,96572.0,5.377200126647949,129.80041257855314
2020-06-22,95336.0,5.309999942779541,129.811370329383
2020-06-23,95975.0,5.2519001960754395,129.82232900526623
2020-06-24,94377.0,5.151000022888184,129.83328860628086
2020-06-25,95983.0,5.34660005569458,129.844249132505
2020-06-26,93834.0,5.359499931335449,129.8552105840168
2020-06-29,95735.0,5.480899810791016,129.86617296089432
2020-06-30,95056.0,5.402100086212158,129.87713626321568
2020-07-01,96203.0,5.461699962615967,129.88810049105902
2020-07-02,96235.0,5.316199779510498,129.8990656445025
2020-07-03,96765.0,5.35890007019043,129.91003172362423
2020-07-06,98937.0,5.311399936676025,129.92099872850235
2020-07-07,97761.0,5.354300022125244,129.93196665921502
2020-07-08,99770.0,5.377799987792969,129.94293551584042
2020-07-09,99160.0,5.342599868774414,129.95390529845668
2020-07-10,100032.0,5.337800025939941,129.96487600714198
2020-07-13,98697.0,5.326900005340576,129.9758476419745
2020-07-14,100440.0,5.401500225067139,129.98682020303244
2020-07-15,101791.0,5.366799831390381,129.997793690394
2020-07-16,100553.0,5.366948127746582,130.00876810413735
2020-07-17,102888.0,5.330699920654297,130.01974344434072
2020-07-20,104426.0,5.385300159454346,130.0307197110823
2020-07-21,104310.0,5.327700138092041,130.04169690444033
2020-07-22,104290.0,5.1697998046875,130.052675024493
2020-07-23,102293.0,5.118100166320801,130.06365407131858
2020-07-24,102382.0,5.210599899291992,130.07463404499532
2020-07-27,104477.0,5.229100227355957,130.0856149456014
2020-07-28,104109.0,5.141421794891357,130.0965967732151
2020-07-29,105605.0,5.152299880981445,130.1075795279147
2020-07-30,105009.0,5.168799877166748,130.11856320977847
2020-07-31,102912.0,5.153900146484375,130.12954781888467
2020-08-03,102830.0,5.221199989318848,130.14053335531156
2020-08-04,101216.0,5.318699836730957,130.1515198191374
2020-08-05,102802.0,5.290200233459473,130.16250721044057
2020-08-06,104126.0,5.290900230407715,130.1722290481041
2020-08-07,102776.0,5.331299781799316,130.1819516118917
2020-08-10,103444.0,5.43720006942749,130.1916749018576
2020-08-11,102174.0,5.480500221252441,130.201398918056
2020-08-12,102118.0,5.38040018081665,130.21112366054118
2020-08-13,100461.0,5.434999942779541,130.22084912936737
2020-08-14,101353.0,5.367000102996826,130.23057532458884
2020-08-17,99595.0,5.42080020904541,130.24030224625983
2020-08-18,102065.0,5.508299827575684,130.2500298944346
2020-08-19,100854.0,5.465400218963623,130.2597582691674
2020-08-20,101468.0,5.556399822235107,130.2694873705125
2020-08-21,101521.0,5.5559000968933105,130.2792171985242
2020-08-24,102298.0,5.618599891662598,130.28894775325674
2020-08-25,102118.0,5.610599994659424,130.29867903476443
2020-08-26,100627.0,5.507400035858154,130.3084110431015
2020-08-27,100624.0,5.6072001457214355,130.3181437783223
2020-08-28,102143.0,5.568699836730957,130.32787724048111
2020-08-31,99369.0,5.389999866485596,130.3376114296322
2020-09-01,102168.0,5.490900039672852,130.34734634582986
2020-09-02,101911.0,5.397299766540527,130.35708198912843
2020-09-03,100721.0,5.338699817657471,130.3668183595822
2020-09-04,101242.0,5.289899826049805,130.37655545724547
2020-09-07,101242.0,5.301000118255615,130.37655545724547
2020-09-08,100050.0,5.298299789428711,130.38629328217257
2020-09-09,101292.0,5.360599994659424,130.3960318344178
2020-09-10,98835.0,5.308499813079834,130.4057711140355
2020-09-11,98363.0,5.320499897003174,130.41551112108002
2020-09-14,100275.0,5.316199779510498,130.42525185560564
2020-09-15,100298.0,5.2683000564575195,130.43499331766674
2020-09-16,99676.0,5.2743000984191895,130.4447355073176
2020-09-17,100098.0,5.236000061035156,130.45447842461263
2020-09-18,98290.0,5.237800121307373,130.46422206960617
2020-09-21,96991.0,5.389800071716309,130.47396644235255
2020-09-22,97294.0,5.412600040435791,130.4837115429061
2020-09-23,95735.0,5.469900131225586,130.49345737132123
2020-09-24,97012.0,5.592400074005127,130.5032039276523
2020-09-25,96999.0,5.508399963378906,130.51295121195363
2020-09-28,94666.0,5.561100006103516,130.52269922427965
2020-09-29,93580.0,5.660200119018555,130.53244796468468
2020-09-30,94603.0,5.630499839782715,130.54219743322315
2020-10-01,95479.0,5.608399868011475,130.55194762994944
2020-10-02,94016.0,5.642000198364258,130.5616985549179
2020-10-05,96089.0,5.681600093841553,130.57145020818297
2020-10-06,95615.0,5.573400020599365,130.581202589799
2020-10-07,95526.0,5.593800067901611,130.59095569982046
2020-10-08,97920.0,5.611299991607666,130.60070953830166
2020-10-09,97483.0,5.598599910736084,130.61046410529707
2020-10-12,97483.0,5.5289998054504395,130.61046410529707
2020-10-13,98503.0,5.529699802398682,130.6202194008611
2020-10-14,99334.0,5.56850004196167,130.62997542504812
2020-10-15,99054.0,5.5904998779296875,130.63973217791263
2020-10-16,98309.0,5.611199855804443,130.649489659509
2020-10-19,98658.0,5.644800186157227,130.65924786989166
2020-10-20,100540.0,5.605599880218506,130.66900680911505
2020-10-21,100552.0,5.6041998863220215,130.6787664772336
2020-10-22,101918.0,5.607800006866455,130.68852687430177
2020-10-23,101260.0,5.591300010681152,130.698288000374
2020-10-26,101017.0,5.616199970245361,130.70804985550473
2020-10-27,99606.0,5.622700214385986,130.71781243974843
2020-10-28,95369.0,5.7052001953125,130.72757575315956
2020-10-29,96582.0,5.744900226593018,130.73733979579254
2020-10-30,93952.0,5.7778000831604,130.74710456770188
2020-11-02,93952.0,5.741399765014648,130.74710456770188
2020-11-03,95587.0,5.741099834442139,130.75687006894202
2020-11-04,97811.0,5.754899978637695,130.76663629956747
2020-11-05,100774.0,5.663000106811523,130.77640325963267
2020-11-06,100799.0,5.523399829864502,130.78617094919213
2020-11-09,103913.0,5.36269998550415,130.7959393683003
2020-11-10,105351.0,5.384699821472168,130.8057085170117
2020-11-11,104532.0,5.413899898529053,130.81547839538084
2020-11-12,102175.0,5.389999866485596,130.82524900346218
2020-11-13,104512.0,5.456699848175049,130.8350203413102
2020-11-16,106430.0,5.456999778747559,130.84479240897952
2020-11-17,107229.0,5.414899826049805,130.8545652065245
2020-11-18,106483.0,5.327199935913086,130.86433873399977
2020-11-19,106517.0,5.361700057983398,130.8741129914598
2020-11-20,106517.0,5.304500102996826,130.88388797895914
2020-11-23,107379.0,5.3780999183654785,130.89366369655227
2020-11-24,109786.0,5.4405999183654785,130.90344014429377
2020-11-25,110133.0,5.372600078582764,130.91321732223813
2020-11-26,110227.0,5.3225998878479,130.9229952304399
2020-11-27,110575.0,5.335299968719482,130.93277386895366
2020-11-30,108888.0,5.34250020980835,130.94255323783392
2020-12-01,111335.0,5.331099987030029,130.95233333713526
2020-12-02,111814.0,5.204899787902832,130.9621141669122
2020-12-03,112919.0,5.216300010681152,130.9718957272193
2020-12-04,113682.0,5.151000022888184,130.98167801811115
2020-12-07,113625.0,5.154399871826172,130.99146103964233
2020-12-08,113571.0,5.098299980163574,131.00124479186738
2020-12-09,112722.0,5.119699954986572,131.01102927484084
2020-12-10,114992.0,5.1697001457214355,131.0208144886174
2020-12-11,115323.0,5.024199962615967,131.03060043325152
2020-12-14,114975.0,5.064199924468994,131.04038710879786
2020-12-15,116146.0,5.117700099945068,131.050174515311
2020-12-16,117947.0,5.078884124755859,131.05996265284554
2020-12-17,118157.0,5.083199977874756,131.06975152145608
2020-12-18,117679.0,5.0569000244140625,131.07954112119722
2020-12-21,116016.0,5.100599765777588,131.08933145212356
2020-12-22,116348.0,5.118937969207764,131.0991225142897
2020-12-23,117857.0,5.1566548347473145,131.1089143077503
2020-12-24,117857.0,5.2153000831604,131.11870683255992
2020-12-25,117857.0,5.2153000831604,131.11870683255992
2020-12-28,119051.0,5.2153000831604,131.12850008877325
2020-12-29,119475.0,5.2459001541137695,131.13829407644485
2020-12-30,119306.0,5.208600044250488,131.14808879562943
2020-12-31,119306.0,5.190838813781738,131.15788424638154
2021-01-01,119306.0,5.1921000480651855,131.15788424638154
2021-01-04,118558.0,5.19189977645874,131.16768042875592
2021-01-05,119223.0,5.295300006866455,131.17747734280712
2021-01-06,119851.0,5.28410005569458,131.18727498858985
2021-01-07,121956.0,5.312900066375732,131.19707336615875
2021-01-08,125077.0,5.40880012512207,131.20687247556845
2021-01-11,122807.0,5.4121880531311035,131.21667231687363
2021-01-12,123998.0,5.48769998550415,131.22647289012897
2021-01-13,122040.0,5.321400165557861,131.23627419538911
2021-01-14,123481.0,5.297500133514404,131.24607623270876
2021-01-15,120502.0,5.195799827575684,131.25587900214256
2021-01-18,121242.0,5.291299819946289,131.26568250374524
2021-01-19,120673.0,5.2947998046875,131.27548673757144
2021-01-20,119708.0,5.3566999435424805,131.28529170367585
2021-01-21,118443.0,5.290500164031982,131.29509740211319
2021-01-22,117172.0,5.3495001792907715,131.30490383293812
2021-01-25,117172.0,5.4654998779296875,131.3147109962054
2021-01-26,116464.0,5.4654998779296875,131.32451889196972
2021-01-27,115882.0,5.353799819946289,131.33432752028574
2021-01-28,119314.0,5.412600040435791,131.34413688120821
2021-01-29,116007.0,5.437989234924316,131.35394697479188
2021-02-01,117365.0,5.4608001708984375,131.36375780109142
2021-02-02,118234.0,5.430500030517578,131.37356936016158
2021-02-03,119725.0,5.3668999671936035,131.38338165205707
2021-02-04,119261.0,5.3520002365112305,131.39319467683265
2021-02-05,119925.0,5.4257001876831055,131.40300843454307
2021-02-08,119516.0,5.369200229644775,131.41282292524303
2021-02-09,119429.0,5.364299774169922,131.42263814898732
2021-02-10,118430.0,5.376699924468994,131.43245410583063
2021-02-11,119235.0,5.384900093078613,131.4422707958278
2021-02-12,119116.0,5.3653998374938965,131.45208821903353
2021-02-15,119116.0,5.368599891662598,131.45208821903353
2021-02-16,119116.0,5.368000030517578,131.45208821903353
2021-02-17,120391.0,5.3694000244140625,131.46190637550262
2021-02-18,119140.0,5.409800052642822,131.4717252652898
2021-02-19,118748.0,5.42579984664917,131.48154488844983
2021-02-22,112668.0,5.38070011138916,131.49136524503754
2021-02-23,115227.0,5.463399887084961,131.5011863351077
2021-02-24,115668.0,5.439599990844727,131.51100815871507
2021-02-25,112256.0,5.402964115142822,131.52083071591443
2021-02-26,110035.0,5.528025150299072,131.53065400676059
2021-03-01,110335.0,5.597599983215332,131.54047803130834
2021-03-02,111540.0,5.640699863433838,131.55030278961252
2021-03-03,111184.0,5.675099849700928,131.56012828172786
2021-03-04,112690.0,5.617499828338623,131.5699545077092
2021-03-05,115202.0,5.668300151824951,131.57978146761138
2021-03-08,110612.0,5.689499855041504,131.5896091614892
2021-03-09,111331.0,5.874599933624268,131.59943758939744
2021-03-10,112776.0,5.801499843597412,131.609266751391
2021-03-11,114984.0,5.67110013961792,131.61909664752466
2021-03-12,114160.0,5.534800052642822,131.62892727785325
2021-03-15,114851.0,5.4951558113098145,131.6387586424316
2021-03-16,114019.0,5.614500045776367,131.64859074131462
2021-03-17,116549.0,5.6234002113342285,131.65842357455705
2021-03-18,114835.0,5.583099842071533,131.67208840233985
2021-03-19,116222.0,5.558700084686279,131.68575464839515
2021-03-22,114979.0,5.493563175201416,131.6994223128701
2021-03-23,113262.0,5.505499839782715,131.71309139591196
2021-03-24,112064.0,5.520400047302246,131.72676189766796
2021-03-25,113750.0,5.61959981918335,131.7404338182853
2021-03-26,114781.0,5.648399829864502,131.7541071579113
2021-03-29,115419.0,5.752399921417236,131.76778191669325
2021-03-30,116850.0,5.780799865722656,131.7814580947784
2021-03-31,116634.0,5.771599769592285,131.79513569231403
2021-04-01,115253.0,5.63129997253418,131.80881470944757
2021-04-02,115253.0,5.707399845123291,131.80881470944757
2021-04-05,117518.0,5.710599899291992,131.82249514632628
2021-04-06,117499.0,5.662700176239014,131.8361770030975
2021-04-07,117624.0,5.593200206756592,131.84986027990865
2021-04-08,118313.0,5.612100124359131,131.86354497690712
2021-04-09,117670.0,5.5665998458862305,131.87723109424027
2021-04-12,118812.0,5.679299831390381,131.89091863205556
2021-04-13,119297.0,5.7322001457214355,131.90460759050038
2021-04-14,120295.0,5.716300010681152,131.9182979697222
2021-04-15,120701.0,5.652900218963623,131.9319897698685
2021-04-16,121114.0,5.614999771118164,131.9456829910867
2021-04-19,120934.0,5.5858001708984375,131.95937763352435
2021-04-20,120062.0,5.545300006866455,131.97307369732897
2021-04-21,120062.0,5.56790018081665,131.97307369732897
2021-04-22,119371.0,5.56790018081665,131.986771182648
2021-04-23,120530.0,5.44320011138916,132.00047008962906
2021-04-26,120595.0,5.477200031280518,132.01417041841967
2021-04-27,119388.0,5.435299873352051,132.0278721691674
2021-04-28,121053.0,5.451000213623047,132.04157534201985
2021-04-29,120066.0,5.341400146484375,132.0552799371246
2021-04-30,118894.0,5.336400032043457,132.06898595462928
2021-05-03,119209.0,5.439700126647949,132.08269339468154
2021-05-04,117712.0,5.4380998611450195,132.09640225742896
2021-05-05,119564.0,5.442599773406982,132.11011254301926
2021-05-06,119921.0,5.352700233459473,132.12764223385258
2021-05-07,122038.0,5.273430824279785,132.1451742507006
2021-05-10,121909.0,5.235499858856201,132.16270859387194
2021-05-11,122964.0,5.2221999168396,132.18024526367526
2021-05-12,119710.0,5.221199989318848,132.1977842604193
2021-05-13,120706.0,5.303100109100342,132.21532558441282
2021-05-14,121881.0,5.307700157165527,132.2328692359646
2021-05-17,122938.0,5.269499778747559,132.25041521538355
2021-05-18,122980.0,5.271500110626221,132.26796352297848
2021-05-19,122636.0,5.259500026702881,132.28551415905832
2021-05-20,122701.0,5.308000087738037,132.30306712393212
2021-05-21,122592.0,5.281300067901611,132.3206224179088
2021-05-24,124032.0,5.361800193786621,132.33818004129745
2021-05-25,122988.0,5.31850004196167,132.35573999440712
2021-05-26,123989.0,5.330699920654297,132.373302277547
2021-05-27,124367.0,5.310500144958496,132.3908668910262
2021-05-28,125561.0,5.2382001876831055,132.408433835154
2021-05-31,126216.0,5.23799991607666,132.42600311023958
2021-06-01,128267.0,5.216599941253662,132.44357471659228
2021-06-02,129601.0,5.149700164794922,132.46114865452142
2021-06-03,129601.0,5.07450008392334,132.46114865452142
2021-06-04,130126.0,5.076300144195557,132.4787249243364
2021-06-07,130776.0,5.044600009918213,132.49630352634662
2021-06-08,129787.0,5.045199871063232,132.51388446086153
2021-06-09,129907.0,5.034900188446045,132.53146772819068
2021-06-10,130076.0,5.061500072479248,132.54905332864354
2021-06-11,129441.0,5.054500102996826,132.5666412625297
2021-06-14,130208.0,5.117000102996826,132.58423153015883
2021-06-15,130091.0,5.058599948883057,132.60182413184057
2021-06-16,129259.0,5.043799877166748,132.61941906788465
2021-06-17,128057.0,5.054299831390381,132.64081986353963
2021-06-18,128405.0,5.007400035858154,132.662224112641
2021-06-21,129265.0,5.0960001945495605,132.68363181574608
2021-06-22,128767.0,5.0131001472473145,132.7050429734122
2021-06-23,128428.0,4.957099914550781,132.7264575861968
2021-06-24,129514.0,4.965199947357178,132.74787565465752
2021-06-25,127256.0,4.912700176239014,132.7692971793519
2021-06-28,127429.0,4.91540002822876,132.79072216083773
2021-06-29,127327.0,4.924799919128418,132.81215059967283
2021-06-30,126802.0,4.955100059509277,132.83358249641512
2021-07-01,125666.0,4.969200134277344,132.85501785162256
2021-07-02,127622.0,5.045102119445801,132.87645666585328
2021-07-05,126920.0,5.059199810028076,132.89789893966545
2021-07-06,125095.0,5.088459014892578,132.91934467361736
2021-07-07,127019.0,5.195300102233887,132.94079386826735
2021-07-08,125428.0,5.231200218200684,132.9622465241739
2021-07-09,125428.0,5.257999897003174,132.98370264189552
2021-07-12,127594.0,5.257900238037109,133.00516222199087
2021-07-13,128168.0,5.172699928283691,133.02662526501862
2021-07-14,128407.0,5.162399768829346,133.04809177153766
2021-07-15,127468.0,5.069900035858154,133.06956174210683
2021-07-16,125960.0,5.110000133514404,133.09103517728516
2021-07-19,124395.0,5.1153998374938965,133.11251207763172
2021-07-20,125401.0,5.250899791717529,133.1339924437057
2021-07-21,125929.0,5.219900131225586,133.15547627606634
2021-07-22,126147.0,5.187300205230713,133.17696357527302
2021-07-23,125053.0,5.1996002197265625,133.19845434188517
2021-07-26,126004.0,5.19789981842041,133.21994857646234
2021-07-27,124612.0,5.1753997802734375,133.24144627956412
2021-07-28,126286.0,5.169099807739258,133.26294745175025
2021-07-29,125675.0,5.114799976348877,133.28445209358054
2021-07-30,121801.0,5.080399990081787,133.3059602056149
2021-08-02,122516.0,5.208700180053711,133.32747178841328
2021-08-03,123577.0,5.174600124359131,133.3489868425358
2021-08-04,121801.0,5.196800231933594,133.37050536854258
2021-08-05,121633.0,5.1682000160217285,133.39708611026253
2021-08-06,122810.0,5.245200157165527,133.42367214952432
2021-08-09,123019.0,5.23199987411499,133.45026348738372
2021-08-10,122202.0,5.231800079345703,133.47686012489675
2021-08-11,122056.0,5.188300132751465,133.50346206311966
2021-08-12,120701.0,5.218200206756592,133.53006930310883
2021-08-13,121194.0,5.252200126647949,133.55668184592093
2021-08-16,119180.0,5.247499942779541,133.58329969261283
2021-08-17,117904.0,5.259699821472168,133.60992284424157
2021-08-18,116643.0,5.294300079345703,133.63655130186442
2021-08-19,117165.0,5.378600120544434,133.6631850665389
2021-08-20,118053.0,5.414100170135498,133.68982413932267
2021-08-23,117472.0,5.379000186920166,133.71646852127364
2021-08-24,120211.0,5.379899978637695,133.74311821344992
2021-08-25,120818.0,5.245800018310547,133.76977321690987
2021-08-26,118724.0,5.210999965667725,133.79643353271203
2021-08-27,120678.0,5.2515997886657715,133.8230991619151
2021-08-30,119740.0,5.2027997970581055,133.84977010557807
2021-08-31,118781.0,5.1828999519348145,133.8764463647601
2021-09-01,119396.0,5.1493000984191895,133.90312794052062
2021-09-02,116677.0,5.184599876403809,133.92981483391918
2021-09-03,116933.0,5.18179988861084,133.95650704601556
2021-09-06,117869.0,5.189799785614014,133.98320457786983
2021-09-07,117869.0,5.169300079345703,133.98320457786983
2021-09-08,113413.0,5.169600009918213,134.0099074305422
2021-09-09,115361.0,5.3206000328063965,134.0366156050931
2021-09-10,114286.0,5.196499824523926,134.0633291025832
2021-09-13,116404.0,5.247000217437744,134.09004792407336
2021-09-14,116181.0,5.213200092315674,134.11677207062462
2021-09-15,115063.0,5.238900184631348,134.1435015432983
2021-09-16,113794.0,5.221700191497803,134.1702363431559
2021-09-17,111439.0,5.256800174713135,134.19697647125906
2021-09-20,108844.0,5.289700031280518,134.22372192866982
2021-09-21,110250.0,5.323200225830078,134.2504727164502
2021-09-22,112282.0,5.268899917602539,134.27722883566258
2021-09-23,114064.0,5.287700176239014,134.30903508285687
2021-09-24,113283.0,5.3018999099731445,134.34084886399694
2021-09-27,113583.0,5.336999893188477,134.37267018086737
2021-09-28,110124.0,5.390399932861328,134.40449903525308
2021-09-29,111107.0,5.427599906921387,134.43633542893957
2021-09-30,110979.0,5.414299964904785,134.4681793637126
2021-10-01,112900.0,5.441699981689453,134.5000308413585
2021-10-04,110393.0,5.3678998947143555,134.53188986366388
2021-10-05,110458.0,5.453199863433838,134.56375643241586
2021-10-06,110560.0,5.475500106811523,134.595630549402
2021-10-07,110585.0,5.4918999671936035,134.62751221641022
2021-10-08,112833.0,5.517000198364258,134.65940143522892
2021-10-11,112180.0,5.506899833679199,134.69129820764687
2021-10-12,112180.0,5.535999774932861,134.69129820764687
2021-10-13,113456.0,5.531499862670898,134.7232025354533
2021-10-14,113185.0,5.512499809265137,134.75511442043788
2021-10-15,114648.0,5.512199878692627,134.78703386439065
2021-10-18,114428.0,5.458399772644043,134.81896086910209
2021-10-19,110673.0,5.511300086975098,134.85089543636312
2021-10-20,110786.0,5.5833001136779785,134.88283756796514
2021-10-21,107735.0,5.59630012512207,134.91478726569986
2021-10-22,106296.0,5.657800197601318,134.94674453135946
2021-10-25,108715.0,5.649199962615967,134.97870936673658
2021-10-26,106420.0,5.5543999671936035,135.01068177362427
2021-10-27,106363.0,5.564799785614014,135.042661753816
2021-10-28,105705.0,5.534999847412109,135.0821698349387
2021-10-29,103501.0,5.644899845123291,135.12168947454563
2021-11-01,105551.0,5.633699893951416,135.16122067601833
2021-11-02,105551.0,5.678899765014648,135.16122067601833
2021-11-03,105617.0,5.678599834442139,135.20076344273932
2021-11-04,103412.0,5.5524001121521,135.24031777809216
2021-11-05,104824.0,5.6016998291015625,135.27988368546133
2021-11-08,104781.0,5.541100025177002,135.31946116823238
2021-11-09,105535.0,5.543099880218506,135.35905022979176
2021-11-10,105968.0,5.479100227355957,135.398650873527
2021-11-11,107725.0,5.4899001121521,135.4382631028266
2021-11-12,106312.0,5.3979997634887695,135.47788692107997
2021-11-15,106312.0,5.457600116729736,135.47788692107997
2021-11-16,104508.0,5.456299781799316,135.5175223316776
2021-11-17,102945.0,5.502200126647949,135.55716933801097
2021-11-18,102524.0,5.52869987487793,135.5968279434725
2021-11-19,103035.0,5.556399822235107,135.63649815145567
2021-11-22,102122.0,5.611599922180176,135.67617996535486
2021-11-23,103663.0,5.585599899291992,135.71587338856554
2021-11-24,104514.0,5.570400238037109,135.7555784244841
2021-11-25,105811.0,5.605199813842773,135.795295076508
2021-11-26,102224.0,5.565100193023682,135.8350233480356
2021-11-29,102814.0,5.607800006866455,135.87476324246632
2021-11-30,101915.0,5.6006999015808105,135.91451476320054
2021-12-01,100775.0,5.620871067047119,135.9542779136397
2021-12-02,104466.0,5.6915669441223145,135.9940526971861
2021-12-03,105070.0,5.643321990966797,136.03383911724322
2021-12-06,106859.0,5.65009880065918,136.0736371772154
2021-12-07,107558.0,5.688000202178955,136.11344688050798
2021-12-08,108096.0,5.611800193786621,136.15326823052735
2021-12-09,106291.0,5.531599998474121,136.20058012970478
2021-12-10,107758.0,5.571100234985352,136.24790846929403
2021-12-13,107383.0,5.60866117477417,136.29525325500805
2021-12-14,106760.0,5.679699897766113,136.3426144925616
2021-12-15,107370.0,5.680600166320801,136.38999218767165
2021-12-16,108212.0,5.6793999671936035,136.43738634605697
2021-12-17,107201.0,5.687399864196777,136.48479697343834
2021-12-20,105020.0,5.693059921264648,136.53222407553864
2021-12-21,105500.0,5.741300106048584,136.57966765808266
2021-12-22,105244.0,5.74399995803833,136.62712772679714
2021-12-23,104891.0,5.6529998779296875,136.67460428741094
2021-12-24,104891.0,5.671795845031738,136.72209734565476
2021-12-27,105531.0,5.67110013961792,136.76960690726142
2021-12-28,104864.0,5.624100208282471,136.8171329779656
2021-12-29,104107.0,5.627500057220459,136.86467556350414
2021-12-30,104822.0,5.702700138092041,136.91223466961569
2021-12-31,104822.0,5.570199966430664,136.95981030204103
2022-01-03,103922.0,5.569300174713135,137.00740246652288
2022-01-04,103514.0,5.68120002746582,137.05501116880598
2022-01-05,101006.0,5.676199913024902,137.102636414637
2022-01-06,101561.0,5.705635070800781,137.15027820976474
2022-01-07,102719.0,5.682400226593018,137.19793655993985
2022-01-10,101945.0,5.632199764251709,137.24561147091507
2022-01-11,103779.0,5.662199974060059,137.29330294844507
2022-01-12,105686.0,5.567299842834473,137.34101099828663
2022-01-13,105530.0,5.533199787139893,137.38873562619844
2022-01-14,106928.0,5.526700019836426,137.4364768379412
2022-01-17,106692.0,5.533299922943115,137.48423463927762
2022-01-18,106522.0,5.5157999992370605,137.53200903597244
2022-01-19,108013.0,5.565700054168701,137.57980003379234
2022-01-20,109102.0,5.43720006942749,137.62760763850608
2022-01-21,108942.0,5.418099880218506,137.67543185588437
2022-01-24,107752.0,5.457099914550781,137.72327269169998
2022-01-25,109845.0,5.486100196838379,137.77113015172762
2022-01-26,111573.0,5.440703868865967,137.81900424174404
2022-01-27,112315.0,5.429166793823242,137.86689496752803
2022-01-28,111478.0,5.40348482131958,137.9148023348603
2022-01-31,112388.0,5.362599849700928,137.96272634952362
2022-02-01,113147.0,5.303100109100342,138.01066701730284
2022-02-02,112161.0,5.264500141143799,138.05862434398466
2022-02-03,111696.0,5.260900020599365,138.11407973221114
2022-02-04,112245.0,5.282899856567383,138.16955739575798
2022-02-07,111996.0,5.326900005340576,138.2250573435727
2022-02-08,112234.0,5.262599945068359,138.28057958460647
2022-02-09,112461.0,5.258399963378906,138.336124127814
2022-02-10,113359.0,5.234499931335449,138.39169098215365
2022-02-11,113572.0,5.248700141906738,138.44728015658737
2022-02-14,113807.0,5.249956130981445,138.50289166008065
2022-02-15,114660.0,5.214000225067139,138.55852550160265
2022-02-16,115181.0,5.157899856567383,138.61418169012614
2022-02-17,113528.0,5.135799884796143,138.6698602346274
2022-02-18,112768.0,5.170599937438965,138.72556114408644
2022-02-21,111725.0,5.137499809265137,138.7812844274868
2022-02-22,112892.0,5.102700233459473,138.83703009381563
2022-02-23,112008.0,5.05709981918335,138.8927981520637
2022-02-24,111592.0,5.008699893951416,138.9485886112254
2022-02-25,113142.0,5.122200012207031,139.00440148029875
2022-02-28,113142.0,5.15939998626709,139.00440148029875
2022-03-01,113142.0,5.158400058746338,139.00440148029875
2022-03-02,115174.0,5.158999919891357,139.06023676828536
2022-03-03,115166.0,5.096502780914307,139.11609448419046
2022-03-04,114474.0,5.030900001525879,139.17197463702286
2022-03-07,111593.0,5.06056022644043,139.22787723579503
2022-03-08,111203.0,5.110499858856201,139.2838022895231
2022-03-09,113900.0,5.058800220489502,139.33974980722675
2022-03-10,113663.0,5.011499881744385,139.39571979792933
2022-03-11,111713.0,5.009699821472168,139.45171227065777
2022-03-14,109928.0,5.073500156402588,139.50772723444263
2022-03-15,108959.0,5.121399879455566,139.56376469831815
2022-03-16,111112.0,5.1631999015808105,139.61982467132216
2022-03-17,113076.0,5.0738749504089355,139.68089298643517
2022-03-18,115311.0,5.039400100708008,139.74198801221854
2022-03-21,116155.0,5.0177998542785645,139.80310976035523
2022-03-22,117272.0,4.935200214385986,139.8642582425333
2022-03-23,117457.0,4.909999847412109,139.92543347044602
2022-03-24,119053.0,4.82420015335083,139.98663545579166
2022-03-25,119081.0,4.826300144195557,140.0478642102737
2022-03-28,118738.0,4.7368998527526855,140.10911974560062
2022-03-29,120014.0,4.764100074768066,140.17040207348617
2022-03-30,120260.0,4.756199836730957,140.2317112056491
2022-03-31,119999.0,4.769700050354004,140.29304715381335
2022-04-01,121570.0,4.737800121307373,140.35440992970797
2022-04-04,121280.0,4.657199859619141,140.41579954506713
2022-04-05,118885.0,4.593800067901611,140.47721601163016
2022-04-06,118228.0,4.650700092315674,140.5386593411415
2022-04-07,118862.0,4.715199947357178,140.60012954535074
2022-04-08,118322.0,4.752099990844727,140.6616266360126
2022-04-11,116953.0,4.6981000900268555,140.72315062488693
2022-04-12,116147.0,4.693600177764893,140.78470152373876
2022-04-13,116782.0,4.673099994659424,140.84627934433826
2022-04-14,116182.0,4.690199851989746,140.90788409846067
2022-04-15,116182.0,4.701000213623047,140.90788409846067
2022-04-18,115687.0,4.7006001472473145,140.96951579788652
2022-04-19,115057.0,4.6519999504089355,141.03117445440134
2022-04-20,114344.0,4.664999961853027,141.09286007979597
2022-04-21,114344.0,4.620800018310547,141.09286007979597
2022-04-22,111078.0,4.620800018310547,141.15457268586627
2022-04-25,110685.0,4.795199871063232,141.21631228441336
2022-04-26,108213.0,4.876200199127197,141.27807888724345
2022-04-27,109349.0,4.997799873352051,141.33987250616795
2022-04-28,109919.0,4.963600158691406,141.40169315300344
2022-04-29,107876.0,4.93779993057251,141.46354083957164
2022-05-02,106639.0,4.97130012512207,141.52541557769948
2022-05-03,106528.0,5.084700107574463,141.58731737921903
2022-05-04,108344.0,4.958099842071533,141.64924625596754
2022-05-05,105304.0,4.918799877166748,141.7162166031049
2022-05-06,105135.0,5.0279998779296875,141.78321861315266
2022-05-09,103250.0,5.080399990081787,141.85025230108076
2022-05-10,103110.0,5.160900115966797,141.91731768186614
2022-05-11,104397.0,5.13129997253418,141.98441477049295
2022-05-12,105688.0,5.134252071380615,142.05154358195227
2022-05-13,106924.0,5.133399963378906,142.11870413124237
2022-05-16,108233.0,5.058300018310547,142.18589643336855
2022-05-17,108789.0,5.059700012207031,142.2531205033433
2022-05-18,106247.0,4.9380998611450195,142.32037635618605
2022-05-19,107005.0,4.96750020980835,142.38766400692347
2022-05-20,108488.0,4.929999828338623,142.4549834705893
2022-05-23,110346.0,4.880199909210205,142.52233476222435
2022-05-24,110581.0,4.813499927520752,142.58971789687655
2022-05-25,110580.0,4.817800045013428,142.657132889601
2022-05-26,111890.0,4.822800159454346,142.72457975545987
2022-05-27,111942.0,4.768199920654297,142.79205850952243
2022-05-30,111032.0,4.729599952697754,142.85956916686513
2022-05-31,111351.0,4.752399921417236,142.9271117425715
2022-06-01,111360.0,4.730400085449219,142.99468625173228
2022-06-02,112393.0,4.815499782562256,143.0622927094452
2022-06-03,111102.0,4.7957000732421875,143.12993113081527
2022-06-06,110186.0,4.775000095367432,143.19760153095459
2022-06-07,110070.0,4.7941999435424805,143.2653039249824
2022-06-08,108368.0,4.867526054382324,143.33303832802508
2022-06-09,107094.0,4.898099899291992,143.40080475521617
2022-06-10,105481.0,4.903299808502197,143.46860322169636
2022-06-13,102598.0,4.984000205993652,143.53643374261353
2022-06-14,102063.0,5.113399982452393,143.60429633312268
2022-06-15,102807.0,5.116099834442139,143.672191008386
2022-06-16,102807.0,5.052000045776367,143.672191008386
2022-06-17,99825.0,5.052199840545654,143.7426435406908
2022-06-20,99853.0,5.152100086212158,143.81313062080386
2022-06-21,99685.0,5.18720006942749,143.8836522656664
2022-06-22,99522.0,5.122799873352051,143.95420849222793
2022-06-23,98080.0,5.193600177764893,144.02479931744628
2022-06-24,98672.0,5.23799991607666,144.09542475828758
2022-06-27,100764.0,5.241399765014648,144.1660848317263
2022-06-28,100591.0,5.236800193786621,144.23677955474525
2022-06-29,99622.0,5.266600131988525,144.30750894433552
2022-06-30,98542.0,5.1809000968933105,144.37827301749658
2022-07-01,98954.0,5.251999855041504,144.44907179123618
2022-07-04,98609.0,5.330999851226807,144.51990528257045
2022-07-05,98295.0,5.3282999992370605,144.5907735085239
2022-07-06,98719.0,5.385200023651123,144.6616764861293
2022-07-07,100730.0,5.427999973297119,144.7326142324278
2022-07-08,100289.0,5.338200092315674,144.80358676446897
2022-07-11,98212.0,5.254000186920166,144.87459409931068
2022-07-12,98271.0,5.377200126647949,144.94563625401918
2022-07-13,97881.0,5.436500072479248,145.01671324566908
2022-07-14,96121.0,5.390900135040283,145.08782509134338
2022-07-15,96551.0,5.422800064086914,145.15897180813343
2022-07-18,96916.0,5.410099983215332,145.230153413139
2022-07-19,98245.0,5.436800003051758,145.3013699234682
2022-07-20,98287.0,5.413099765777588,145.37262135623757
2022-07-21,99033.0,5.470200061798096,145.44390772857204
2022-07-22,98925.0,5.497799873352051,145.51522905760493
2022-07-25,100270.0,5.496699810028076,145.5865853604779
2022-07-26,99772.0,5.356299877166748,145.65797665434113
2022-07-27,101438.0,5.350100040435791,145.7294029563531
2022-07-28,102597.0,5.243000030517578,145.80086428368085
2022-07-29,103165.0,5.182700157165527,145.87236065349964
2022-08-01,102225.0,5.171199798583984,145.94389208299333
2022-08-02,103362.0,5.184000015258789,146.01545858935407
2022-08-03,103775.0,5.277699947357178,146.08706018978253
2022-08-04,105892.0,5.282700061798096,146.16125488591175
2022-08-05,106472.0,5.211100101470947,146.2354872640432
2022-08-08,108402.0,5.164599895477295,146.30975734331486
2022-08-09,108651.0,5.110099792480469,146.3840651428744
2022-08-10,110236.0,5.123700141906738,146.45841068187914
2022-08-11,109718.0,5.093699932098389,146.53279397949626
2022-08-12,112764.0,5.1570000648498535,146.60721505490258
2022-08-15,113032.0,5.074900150299072,146.68167392728466
2022-08-16,113512.0,5.095600128173828,146.75617061583887
2022-08-17,113708.0,5.1417388916015625,146.83070513977123
2022-08-18,113813.0,5.164999961853027,146.90527751829762
2022-08-19,111496.0,5.166999816894531,146.97988777064361
2022-08-22,110501.0,5.168399810791016,147.05453591604456
2022-08-23,112857.0,5.156099796295166,147.12922197374562
2022-08-24,112898.0,5.103499889373779,147.20394596300164
2022-08-25,113532.0,5.110099792480469,147.27870790307733
2022-08-26,112299.0,5.108699798583984,147.35350781324715
2022-08-29,112323.0,5.0625,147.42834571279533
2022-08-30,110431.0,5.027200222015381,147.50322162101594
2022-08-31,109523.0,5.1219000816345215,147.57813555721282
2022-09-01,110405.0,5.181700229644775,147.6530875406996
2022-09-02,110864.0,5.2403998374938965,147.72807759079978
2022-09-05,112203.0,5.171000003814697,147.8031057268466
2022-09-06,109764.0,5.153900146484375,147.87817196818315
2022-09-07,109764.0,5.247200012207031,147.87817196818315
2022-09-08,109916.0,5.246699810028076,147.95327633416235
2022-09-09,112300.0,5.2133002281188965,148.02841884414696
2022-09-12,113407.0,5.146299839019775,148.1035995175095
2022-09-13,110794.0,5.0920000076293945,148.17881837363248
2022-09-14,110547.0,5.189799785614014,148.25407543190806
2022-09-15,109954.0,5.162700176239014,148.32937071173845
2022-09-16,109280.0,5.246099948883057,148.40470423253552
2022-09-19,111824.0,5.250699996948242,148.48007601372112
2022-09-20,112517.0,5.170899868011475,148.55548607472699
2022-09-21,111936.0,5.141499996185303,148.6309344349946
2022-09-22,114070.0,5.170400142669678,148.70642111397544
2022-09-23,111716.0,5.115499973297119,148.78194613113084
2022-09-26,109114.0,5.258800029754639,148.85750950593192
2022-09-27,108376.0,5.389400005340576,148.93311125785976
2022-09-28,108451.0,5.3780999183654785,149.00875140640542
2022-09-29,107664.0,5.374199867248535,149.0844299710697
2022-09-30,110037.0,5.396200180053711,149.16014697136342
2022-10-03,116134.0,5.414299964904785,149.23590242680723
2022-10-04,116230.0,5.16349983215332,149.31169635693178
2022-10-05,117198.0,5.17579984664917,149.38752878127755
2022-10-06,117561.0,5.195199966430664,149.46339971939497
2022-10-07,116375.0,5.220099925994873,149.53930919084445
2022-10-10,115941.0,5.198400020599365,149.6152572151963
2022-10-11,114827.0,5.186800003051758,149.69124381203076
2022-10-12,114827.0,5.292099952697754,149.69124381203076
2022-10-13,114300.0,5.291500091552734,149.76726900093803
2022-10-14,112072.0,5.259799957275391,149.84333280151822
2022-10-17,113624.0,5.327400207519531,149.91943523338148
2022-10-18,115743.0,5.2773590087890625,149.9955763161478
2022-10-19,116274.0,5.239799976348877,150.07175606944725
2022-10-20,117171.0,5.269199848175049,150.1479745129198
2022-10-21,119929.0,5.216599941253662,150.22423166621545
2022-10-24,116013.0,5.163400173187256,150.30052754899407
2022-10-25,114626.0,5.30620002746582,150.37686218092568
2022-10-26,112764.0,5.315199851989746,150.45323558169014
2022-10-27,114641.0,5.383900165557861,150.52964777097736
2022-10-28,114539.0,5.339200019836426,150.60609876848727
2022-10-31,116037.0,5.28849983215332,150.68258859392984
2022-11-01,116929.0,5.178800106048584,150.75911726702492
2022-11-02,116929.0,5.142399787902832,150.75911726702492
2022-11-03,116896.0,5.142600059509277,150.8356848075025
2022-11-04,118155.0,5.1149001121521,150.91229123510251
2022-11-07,115342.0,5.078132152557373,150.988936569575
2022-11-08,116160.0,5.153326988220215,151.06562083068
2022-11-09,113580.0,5.14300012588501,151.14234403818747
2022-11-10,109775.0,5.185200214385986,151.2191062118776
2022-11-11,112253.0,5.341579914093018,151.2959073715405
2022-11-14,113161.0,5.279058933258057,151.37274753697633
2022-11-15,113161.0,5.331200122833252,151.37274753697633
2022-11-16,110243.0,5.331699848175049,151.44962672799542
2022-11-17,109703.0,5.39900016784668,151.52654496441804
2022-11-18,108880.0,5.422100067138672,151.60350226607457
2022-11-21,109748.0,5.38129997253418,151.68049865280545
2022-11-22,109037.0,5.318600177764893,151.75753414446126
2022-11-23,108683.0,5.357699871063232,151.83460876090254
2022-11-24,111831.0,5.35830020904541,151.91172252200002
2022-11-25,108977.0,5.320000171661377,151.9888754476345
2022-11-28,108782.0,5.4085001945495605,152.06606755769684
2022-11-29,110910.0,5.364699840545654,152.14329887208805
2022-11-30,112486.0,5.268199920654297,152.2205694107192
2022-12-01,110926.0,5.181589126586914,152.29787919351153
2022-12-02,111924.0,5.183599948883057,152.37522824039635
2022-12-05,109401.0,5.2179999351501465,152.45261657131508
2022-12-06,109533.0,5.28000020980835,152.53004420621932
2022-12-07,109361.0,5.234000205993652,152.60751116507078
2022-12-08,107245.0,5.203999996185303,152.68501746784128
2022-12-09,107689.0,5.224299907684326,152.76256313451287
2022-12-12,105264.0,5.235000133514404,152.84014818507762
2022-12-13,103892.0,5.321300029754639,152.91777263953787
2022-12-14,103803.0,5.292799949645996,152.99543651790603
2022-12-15,103738.0,5.277200222015381,153.07313984020473
2022-12-16,102825.0,5.311800003051758,153.1508826264668
2022-12-19,104530.0,5.306509017944336,153.22866489673513
2022-12-20,106979.0,5.291600227355957,153.30648667106288
2022-12-21,107313.0,5.198400020599365,153.38434796951339
2022-12-22,107317.0,5.199900150299072,153.46224881216014
2022-12-23,109698.0,5.165599822998047,153.54018921908687
2022-12-26,108738.0,5.164299964904785,153.61816921038746
2022-12-27,108347.0,5.21750020980835,153.69618880616605
2022-12-28,110237.0,5.292300224304199,153.77424802653692
2022-12-29,110031.0,5.2667999267578125,153.85234689162465
2022-12-30,110031.0,5.284599781036377,153.93048542156396
2023-01-02,106376.0,5.2855000495910645,154.00866363649985
2023-01-03,104166.0,5.360130786895752,154.08688155658757
2023-01-04,105334.0,5.478499889373779,154.16513920199253
2023-01-05,107518.0,5.430099964141846,154.24343659289045
2023-01-06,108836.0,5.349800109863281,154.32177374946724
2023-01-09,109227.0,5.224400043487549,154.4001506919191
2023-01-10,110912.0,5.253699779510498,154.4785674404525
2023-01-11,111763.0,5.198299884796143,154.55702401528418
2023-01-12,111877.0,5.1585001945495605,154.63552043664106
2023-01-13,110916.0,5.107699871063232,154.7140567247604
2023-01-16,109213.0,5.080699920654297,154.79263289988978
2023-01-17,111439.0,5.145999908447266,154.871248982287
2023-01-18,112452.0,5.099599838256836,154.94990499222013
2023-01-19,113006.0,5.185299873352051,155.02860094996757
2023-01-20,112301.0,5.172999858856201,155.10733687581805
2023-01-23,111709.0,5.206299781799316,155.18611279007055
2023-01-24,113028.0,5.205900192260742,155.26492871303438
2023-01-25,114195.0,5.138400077819824,155.34378466502915
2023-01-26,114109.0,5.072199821472168,155.42268066638482
2023-01-27,112502.0,5.062745094299316,155.50161673744168
2023-01-30,111888.0,5.1072001457214355,155.5805928985503
2023-01-31,113532.0,5.1149001121521,155.6596091700716
2023-02-01,112303.0,5.072199821472168,155.7386655723769
2023-02-02,109935.0,5.053500175476074,155.8177621258478
2023-02-03,108490.0,5.049200057983398,155.89689885087628
2023-02-06,108456.0,5.149799823760986,155.97607576786464
2023-02-07,107920.0,5.145699977874756,156.05529289722563
2023-02-08,109882.0,5.2093000411987305,156.13455025938228
2023-02-09,107783.0,5.19950008392334,156.21384787476802
2023-02-10,108150.0,5.2895002365112305,156.29318576382667
2023-02-13,108846.0,5.213482856750488,156.3725639470124
2023-02-14,107659.0,5.158400058746338,156.45198244478982
2023-02-15,109442.0,5.191500186920166,156.5314412776339
2023-02-16,109905.0,5.2179999351501465,156.61094046602997
2023-02-17,109303.0,5.216800212860107,156.69048003047385
2023-02-20,109303.0,5.165168762207031,156.69048003047385
2023-02-21,109303.0,5.1666998863220215,156.69048003047385
2023-02-22,107152.0,5.166500091552734,156.77005999147173
2023-02-23,107720.0,5.151199817657471,156.8496803695402
2023-02-24,105873.0,5.136199951171875,156.92934118520628
2023-02-27,105711.0,5.207799911499023,157.00904245900745
2023-02-28,104932.0,5.199699878692627,157.08878421149151
2023-03-01,104385.0,5.235899925231934,157.16856646321688
2023-03-02,103326.0,5.178299903869629,157.24838923475218
2023-03-03,103866.0,5.1996002197265625,157.32825254667674
2023-03-06,104700.0,5.194399833679199,157.40815641958017
2023-03-07,104228.0,5.152200222015381,157.48810087406255
2023-03-08,106540.0,5.190000057220459,157.56808593073447
2023-03-09,105071.0,5.144400119781494,157.648111610217
2023-03-10,103618.0,5.163700103759766,157.7281779331416
2023-03-13,103121.0,5.21560001373291,157.8082849201503
2023-03-14,102932.0,5.245699882507324,157.88843259189554
2023-03-15,102675.0,5.251699924468994,157.96862096904033
2023-03-16,103435.0,5.287099838256836,158.0488500722581
2023-03-17,101982.0,5.229599952697754,158.12911992223277
2023-03-20,100923.0,5.2778000831604,158.20943053965888
2023-03-21,100998.0,5.2357001304626465,158.28978194524137
2023-03-22,100221.0,5.240900039672852,158.37017415969572
2023-03-23,97926.0,5.236100196838379,158.45060720374795
2023-03-24,98829.0,5.2967000007629395,158.5310810981346
2023-03-27,99670.0,5.245100021362305,158.61159586360273
2023-03-28,101185.0,5.1971001625061035,158.69215152090993
2023-03-29,101793.0,5.164400100708008,158.77274809082436
2023-03-30,103713.0,5.134200096130371,158.85338559412472
2023-03-31,101882.0,5.092700004577637,158.93406405160027
2023-04-03,101506.0,5.062300205230713,159.0147834840508
2023-04-04,101869.0,5.0630998611450195,159.09554391228667
2023-04-05,100978.0,5.070700168609619,159.17634535712887
2023-04-06,100822.0,5.033199787139893,159.25718783940883
2023-04-07,100822.0,5.058300018310547,159.25718783940883
2023-04-10,101847.0,5.0543999671936035,159.3380713799687
2023-04-11,106214.0,5.065299987792969,159.41899599966118
2023-04-12,106890.0,5.004000186920166,159.4999617193495
2023-04-13,106458.0,4.916900157928467,159.58096855990755
2023-04-14,106279.0,4.926700115203857,159.66201654221973
2023-04-17,106016.0,4.908699989318848,159.74310568718118
2023-04-18,106163.0,4.939799785614014,159.8242360156976
2023-04-19,103913.0,4.984300136566162,159.90540754868525
2023-04-20,104367.0,5.0742998123168945,159.98662030707106
2023-04-21,104367.0,5.047699928283691,159.98662030707106
2023-04-24,103947.0,5.047900199890137,160.06787431179262
2023-04-25,103220.0,5.033400058746338,160.1491695837981
2023-04-26,102312.0,5.053100109100342,160.23050614404633
2023-04-27,102923.0,5.043000221252441,160.31188401350676
2023-04-28,104432.0,4.976200103759766,160.39330321315956
2023-05-01,104432.0,4.986000061035156,160.39330321315956
2023-05-02,101927.0,4.9878997802734375,160.47476376399544
2023-05-03,101797.0,5.038400173187256,160.55626568701592
2023-05-04,102174.0,4.9944000244140625,160.63780900323303
2023-05-05,105148.0,4.982600212097168,160.7193937336696
2023-05-08,106042.0,4.951700210571289,160.80101989935903
2023-05-09,107114.0,5.007999897003174,160.88268752134553
2023-05-10,107448.0,4.985899925231934,160.96439662068386
2023-05-11,108256.0,4.94290018081665,161.0461472184396
2023-05-12,108464.0,4.929500102996826,161.1279393356889
2023-05-15,109029.0,4.920199871063232,161.2097729935187
2023-05-16,108194.0,4.887899875640869,161.29164821302666
2023-05-17,109460.0,4.9394001960754395,161.3735650153211
2023-05-18,110108.0,4.937699794769287,161.45552342152106
2023-05-19,110745.0,4.964399814605713,161.5375234527564
2023-05-22,110213.0,4.996799945831299,161.6195651301676
2023-05-23,109929.0,4.966100215911865,161.7016484749059
2023-05-24,108800.0,4.971199989318848,161.78377350813335
2023-05-25,110054.0,4.958600044250488,161.86594025102266
2023-05-26,110906.0,5.035200119018555,161.94814872475737
2023-05-29,110333.0,4.992800235748291,162.03039895053172
2023-05-30,108967.0,5.018099784851074,162.1126909495507
2023-05-31,108335.0,5.034800052642822,162.19502474303016
2023-06-01,110565.0,5.054800033569336,162.27740035219665
2023-06-02,112558.0,5.0131001472473145,162.3598177982875
2023-06-05,112696.0,4.956600189208984,162.44227710255092
2023-06-06,114610.0,4.925600051879883,162.52477828624578
2023-06-07,115488.0,4.9120001792907715,162.60732137064178
2023-06-08,115488.0,4.922399997711182,162.60732137064178
2023-06-09,117019.0,4.922100067138672,162.6899063770195
2023-06-12,117336.0,4.877900123596191,162.77253332667024
2023-06-13,116743.0,4.860599994659424,162.8552022408962
2023-06-14,119069.0,4.861000061035156,162.9379131410103
2023-06-15,119221.0,4.815000057220459,163.02066604833638
2023-06-16,118758.0,4.809199810028076,163.103460984209
2023-06-19,119858.0,4.807000160217285,163.18629796997365
2023-06-20,119622.0,4.776899814605713,163.26917702698665
2023-06-21,120420.0,4.789299964904785,163.3520981766151
2023-06-22,118934.0,4.76230001449585,163.43506144023706
2023-06-23,118977.0,4.7697367668151855,163.51806683924133
2023-06-26,118243.0,4.7855000495910645,163.60111439502765
2023-06-27,117523.0,4.767300128936768,163.6842041290066
2023-06-28,116681.0,4.810500144958496,163.76733606259964
2023-06-29,118383.0,4.850500106811523,163.8505102172391
2023-06-30,118087.0,4.855599880218506,163.93372661436825
2023-07-03,119673.0,4.784200191497803,164.01698527544116
2023-07-04,119076.0,4.80649995803833,164.10028622192286
2023-07-05,119549.0,4.839900016784668,164.18362947528925
2023-07-06,117426.0,4.8471999168396,164.26701505702715
2023-07-07,118898.0,4.918700218200684,164.3504429886343
2023-07-10,117942.0,4.8709001541137695,164.43391329161938
2023-07-11,117220.0,4.898200035095215,164.51742598750195
2023-07-12,117666.0,4.851500034332275,164.60098109781248
2023-07-13,119264.0,4.81689977645874,164.68457864409243
2023-07-14,117711.0,4.7947998046875,164.7682186478942
2023-07-17,118219.0,4.788099765777588,164.8519011307811
2023-07-18,117841.0,4.805799961090088,164.9356261143274
2023-07-19,117552.0,4.809299945831299,165.01939362011834
2023-07-20,118083.0,4.789899826049805,165.10320366975014
2023-07-21,120217.0,4.796899795532227,165.18705628482994
2023-07-24,121342.0,4.777400016784668,165.27095148697586
2023-07-25,122008.0,4.725500106811523,165.35488929781707
2023-07-26,122560.0,4.748899936676025,165.43886973899365
2023-07-27,119990.0,4.736199855804443,165.52289283215669
2023-07-28,120187.0,4.741600036621094,165.60695859896828
2023-07-31,121943.0,4.723299980163574,165.69106706110153
2023-08-01,121248.0,4.724699974060059,165.77521824024052
2023-08-02,120859.0,4.791999816894531,165.85941215808037
2023-08-03,120586.0,4.810400009155273,165.94074463802036
2023-08-04,119508.0,4.916399955749512,166.0221170009685
2023-08-07,119380.0,4.88539981842041,166.1035292664823
2023-08-08,119090.0,4.89900016784668,166.1849814541287
2023-08-09,118409.0,4.898600101470947,166.26647358348436
2023-08-10,118350.0,4.901700019836426,166.3480056741355
2023-08-11,118065.0,4.891499996185303,166.42957774567796
2023-08-14,116810.0,4.910999774932861,166.5111898177171
2023-08-15,116171.0,4.962100028991699,166.592841909868
2023-08-16,115592.0,4.9832000732421875,166.67453404175538
2023-08-17,114982.0,4.9868998527526855,166.75626623301346
2023-08-18,115409.0,4.975500106811523,166.83803850328613
2023-08-21,114429.0,4.966899871826172,166.91985087222702
2023-08-22,116156.0,4.978700160980225,167.00170335949923
2023-08-23,118135.0,4.937099933624268,167.08359598477563
2023-08-24,117026.0,4.855100154876709,167.1655287677387
2023-08-25,115837.0,4.880300045013428,167.24750172808055
2023-08-28,117121.0,4.8703999519348145,167.32951488550293
2023-08-29,118404.0,4.872600078582764,167.41156825971734
2023-08-30,117535.0,4.85129976272583,167.49366187044487
2023-08-31,115742.0,4.888400077819824,167.57579573741629
2023-09-01,117893.0,4.953800201416016,167.65796988037206
2023-09-04,117777.0,4.97629976272583,167.74018431906234
2023-09-05,117331.0,4.936200141906738,167.82243907324687
2023-09-06,115985.0,4.966700077056885,167.90473416269523
2023-09-07,115985.0,4.9770002365112305,167.90473416269523
2023-09-08,115313.0,4.976099967956543,167.9870696071866
2023-09-11,116883.0,4.982999801635742,168.0694454265099
2023-09-12,117968.0,4.9293999671936035,168.15186164046372
2023-09-13,118176.0,4.946599960327148,168.23431826885638
2023-09-14,119392.0,4.91540002822876,168.3168153315059
2023-09-15,118758.0,4.868199825286865,168.39935284824003
2023-09-18,118288.0,4.867000102996826,168.48193083889623
2023-09-19,117846.0,4.853700160980225,168.5645493233217
2023-09-20,118695.0,4.865799903869629,168.6472083213734
2023-09-21,116145.0,4.878799915313721,168.72694303499563
2023-09-22,116009.0,4.934899806976318,168.80671544639313
2023-09-25,115925.0,4.933899879455566,168.88652557338898
2023-09-26,114193.0,4.968299865722656,168.96637343381482
2023-09-27,114327.0,4.986199855804443,169.0462590455106
2023-09-28,115731.0,5.042200088500977,169.1261824263247
2023-09-29,116565.0,5.032800197601318,169.20614359411402
2023-10-02,115057.0,5.042799949645996,169.28614256674385
2023-10-03,113419.0,5.061500072479248,169.36617936208796
2023-10-04,113607.0,5.166299819946289,169.44625399802854
2023-10-05,113284.0,5.154600143432617,169.52636649245628
2023-10-06,114170.0,5.164999961853027,169.60651686327023
2023-10-09,115156.0,5.145699977874756,169.68670512837798
2023-10-10,116737.0,5.135200023651123,169.7669313056956
2023-10-11,117051.0,5.051000118255615,169.8471954131476
2023-10-12,117051.0,5.049600124359131,169.8471954131476
2023-10-13,115754.0,5.045899868011475,169.92749746866699
2023-10-16,116534.0,5.0482001304626465,170.00783749019516
2023-10-17,115908.0,5.037600040435791,170.08821549568214
2023-10-18,114060.0,5.037399768829346,170.16863150308632
2023-10-19,114004.0,5.056099891662598,170.24908553037466
2023-10-20,113155.0,5.062900066375732,170.32957759552255
2023-10-23,112785.0,5.031300067901611,170.4101077165139
2023-10-24,113762.0,5.01230001449585,170.49067591134119
2023-10-25,112830.0,4.991000175476074,170.5712821980053
2023-10-26,114777.0,4.994699954986572,170.65192659451566
2023-10-27,113301.0,4.985300064086914,170.73260911889025
2023-10-30,112532.0,4.952030181884766,170.81332978915555
2023-10-31,113144.0,5.04610013961792,170.89408862334653
2023-11-01,115053.0,5.03410005569458,170.97488563950677
2023-11-02,115053.0,4.953700065612793,170.97488563950677
2023-11-03,118160.0,4.952899932861328,171.05270143920785
2023-11-06,118487.0,4.899199962615967,171.13055265521388
2023-11-07,119268.0,4.884099960327148,171.20843930364384
2023-11-08,119099.0,4.871500015258789,171.2863614006241
2023-11-09,119012.0,4.909299850463867,171.36431896228837
2023-11-10,120636.0,4.933899879455566,171.44231200477768
2023-11-13,120376.0,4.893379211425781,171.52034054424038
2023-11-14,123328.0,4.906199932098389,171.5984045968323
2023-11-15,123328.0,4.864500045776367,171.5984045968323
2023-11-16,124576.0,4.860899925231934,171.67650417871644
2023-11-17,125062.0,4.862199783325195,171.7546393060633
2023-11-20,126095.0,4.819177150726318,171.83280999505067
2023-11-21,125607.0,4.851799964904785,171.91101626186372
2023-11-22,126035.0,4.8993000984191895,171.98925812269496
2023-11-23,126576.0,4.9054999351501465,172.06753559374434
2023-11-24,125542.0,4.902500152587891,172.14584869121913
2023-11-27,125683.0,4.900899887084961,172.22419743133395
2023-11-28,126538.0,4.895500183105469,172.30258183031086
2023-11-29,126101.0,4.869800090789795,172.38100190437927
2023-11-30,127331.0,4.904099941253662,172.45945766977601
2023-12-01,128103.0,4.923099994659424,172.53794914274525
2023-12-04,126803.0,4.902159214019775,172.6164763395386
2023-12-05,126903.0,4.9430999755859375,172.69503927641497
2023-12-06,125623.0,4.927700042724609,172.77363796964084
2023-12-07,126010.0,4.901199817657471,172.85227243548997
2023-12-08,127094.0,4.910099983215332,172.93094269024354
2023-12-11,126916.0,4.893286228179932,173.00964875019014
2023-12-12,126403.0,4.936699867248535,173.0883906316258
2023-12-13,129465.0,4.9644999504089355,173.16716835085398
2023-12-14,130842.0,4.918399810791016,173.24290993861896
2023-12-15,130197.0,4.914599895477295,173.31868465499704
2023-12-18,131084.0,4.919657230377197,173.39449251447832
2023-12-19,131851.0,4.895899772644043,173.47033353155922
2023-12-20,130804.0,4.866499900817871,173.54620772074261
2023-12-21,132182.0,4.914599895477295,173.6221150965376
2023-12-22,132753.0,4.881800174713135,173.6980556734597
2023-12-25,132753.0,4.86984395980835,173.6980556734597
2023-12-26,133533.0,4.869743824005127,173.7740294660307
2023-12-27,134194.0,4.813499927520752,173.85003648877887
2023-12-28,134185.0,4.826099872589111,173.92607675623873
2023-12-29,134185.0,4.850200176239014,174.00215028295113
2024-01-01,134185.0,4.850500106811523,174.00215028295113
2024-01-02,132697.0,4.852399826049805,174.0782570834634
2024-01-03,132834.0,4.922500133514404,174.15439717232917
2024-01-04,131226.0,4.9191999435424805,174.23057056410838
2024-01-05,132023.0,4.895599842071533,174.30677727336743
2024-01-08,132427.0,4.8606672286987305,174.38301731467905
2024-01-09,131447.0,4.86899995803833,174.45929070262233
2024-01-10,130841.0,4.905099868774414,174.53559745178276
2024-01-11,130649.0,4.89139986038208,174.6119375767522
2024-01-12,130988.0,4.869699954986572,174.6883110921289
2024-01-15,131521.0,4.85290002822876,174.7647180125175
2024-01-16,129294.0,4.862199783325195,174.84115835252902
2024-01-17,128524.0,4.924900054931641,174.91763212678086
2024-01-18,127316.0,4.934000015258789,174.9941393498968
2024-01-19,127636.0,4.92609977722168,175.07068003650707
2024-01-22,126602.0,4.904642105102539,175.14725420124824
2024-01-23,128263.0,4.98829984664917,175.22386185876334
2024-01-24,127816.0,4.952199935913086,175.30050302370176
2024-01-25,128169.0,4.932499885559082,175.3771777107193
2024-01-26,128967.0,4.915800094604492,175.45388593447825
2024-01-29,128503.0,4.913599967956543,175.53062770964715
2024-01-30,127402.0,4.950200080871582,175.60740305090107
2024-01-31,127752.0,4.950300216674805,175.68421197292153
2024-02-01,128481.0,4.951900005340576,175.757923797739
2024-02-02,127182.0,4.914999961853027,175.83166654982682
2024-02-05,127593.0,4.932938098907471,175.90544024216115
2024-02-06,130416.0,4.9499430656433105,175.97924488772355
2024-02-07,129608.0,4.962299823760986,176.0530804995011
2024-02-08,128217.0,4.969299793243408,176.12694709048628
2024-02-09,128026.0,4.9918999671936035,176.20084467367704
2024-02-12,128026.0,4.953100204467773,176.20084467367704
2024-02-13,128026.0,4.952199935913086,176.20084467367704
2024-02-14,127018.0,4.952000141143799,176.2747732620768
2024-02-15,127804.0,4.968299865722656,176.34873286869436
2024-02-16,128726.0,4.972400188446045,176.4227235065441
2024-02-19,129036.0,4.965099811553955,176.49674518864572
2024-02-20,129916.0,4.956399917602539,176.57079792802455
2024-02-21,130032.0,4.926400184631348,176.64488173771122
2024-02-22,130241.0,4.934899806976318,176.71899663074194
2024-02-23,129419.0,4.962399959564209,176.7931426201583
2024-02-26,129609.0,4.993500232696533,176.86731971900744
2024-02-27,131689.0,4.978899955749512,176.94152794034196
2024-02-28,130155.0,4.932400226593018,177.0157672972199
2024-02-29,129020.0,4.967299938201904,177.09003780270479
2024-03-01,129180.0,4.969799995422363,177.16433946986567
2024-03-04,128341.0,4.952700138092041,177.23867231177707
2024-03-05,128098.0,4.944900035858154,177.3130363415189
2024-03-06,128890.0,4.957099914550781,177.38743157217672
2024-03-07,128340.0,4.943600177764893,177.4618580168415
2024-03-08,127071.0,4.933800220489502,177.53631568860962
2024-03-11,126124.0,4.977540016174316,177.6108046005831
2024-03-12,127668.0,4.977399826049805,177.68532476586935
2024-03-13,128006.0,4.968699932098389,177.75987619758138
2024-03-14,127690.0,4.969200134277344,177.8344589088376
2024-03-15,126742.0,4.992700099945068,177.90907291276199
2024-03-18,126954.0,4.968047142028809,177.983718222484
2024-03-19,127529.0,5.029399871826172,178.05839485113862
2024-03-20,129125.0,5.03000020980835,178.1331028118663
2024-03-21,128159.0,4.96619987487793,178.20465531660378
2024-03-22,127027.0,4.9745001792907715,178.27623656255136
2024-03-25,126931.0,5.000899791717529,178.3478465612538
2024-03-26,126863.0,4.9721999168396,178.4194853242605
2024-03-27,127691.0,4.9756999015808105,178.49115286312556
2024-03-28,128106.0,4.990300178527832,178.56284918940761
2024-03-29,128106.0,5.014100074768066,178.56284918940761
2024-04-01,126990.0,5.013199806213379,178.63457431467
2024-04-02,127549.0,5.053599834442139,178.7063282504807
2024-04-03,127318.0,5.0644001960754395,178.77811100841237
2024-04-04,127428.0,5.038599967956543,178.84992260004222
2024-04-05,126795.0,5.057400226593018,178.9217630369522
2024-04-08,128857.0,5.054900169372559,178.99363233072887
2024-04-09,129890.0,5.023900032043457,179.0655304929635
2024-04-10,128054.0,5.007599830627441,179.13745753525188
2024-04-11,127396.0,5.066199779510498,179.20941346919463
2024-04-12,125946.0,5.090400218963623,179.28139830639694
2024-04-15,125334.0,5.117099761962891,179.35341205846865
2024-04-16,124389.0,5.183700084686279,179.42545473702427
2024-04-17,124171.0,5.2855000495910645,179.49752635368304
2024-04-18,124196.0,5.232600212097168,179.56962692006877
2024-04-19,125124.0,5.241700172424316,179.64175644781002
2024-04-22,125573.0,5.206200122833252,179.71391494853998
2024-04-23,125148.0,5.1656999588012695,179.78610243389647
2024-04-24,124741.0,5.130499839782715,179.85831891552212
2024-04-25,124646.0,5.145500183105469,179.9305644050641
2024-04-26,126526.0,5.158599853515625,180.00283891417433
2024-04-29,127352.0,5.115499973297119,180.07514245450935
2024-04-30,125924.0,5.117000102996826,180.1474750377305
2024-05-01,125924.0,5.193900108337402,180.1474750377305
2024-05-02,127122.0,5.194399833679199,180.21983667550364
2024-05-03,128509.0,5.110300064086914,180.29222737949942
2024-05-06,128466.0,5.070899963378906,180.3646471613932
2024-05-07,129210.0,5.074900150299072,180.43709603286499
2024-05-08,129481.0,5.073299884796143,180.50957400559946
2024-05-09,128188.0,5.087900161743164,180.58046011531144
2024-05-10,127600.0,5.1407999992370605,180.6513740619987
2024-05-13,128155.0,5.123260021209717,180.72231585659281
2024-05-14,128515.0,5.154200077056885,180.79328551002968
2024-05-15,128028.0,5.127799987792969,180.86428303324945
2024-05-16,128284.0,5.133600234985352,180.9353084371966
2024-05-17,128151.0,5.128600120544434,181.00636173281987
2024-05-20,127751.0,5.1020002365112305,181.07744293107234
2024-05-21,127412.0,5.103099822998047,181.14855204291135
2024-05-22,125650.0,5.1219000816345215,181.21968907929858
2024-05-23,124729.0,5.151100158691406,181.2908540512
2024-05-24,124306.0,5.143099784851074,181.3620469695859
2024-05-27,124496.0,5.1697998046875,181.43326784543083
2024-05-28,123780.0,5.1717000007629395,181.5045166897137
2024-05-29,122707.0,5.161300182342529,181.57579351341775
2024-05-30,122707.0,5.202099800109863,181.57579351341775
2024-05-31,122098.0,5.202099800109863,181.64709832753044
2024-06-03,122032.0,5.2444000244140625,181.71843114304366
2024-06-04,121802.0,5.249000072479248,181.78979197095353
2024-06-05,121407.0,5.287700176239014,181.8611808222605
2024-06-06,122899.0,5.3003997802734375,181.9325977079694
2024-06-07,120767.0,5.2571001052856445,182.00404263908928
2024-06-10,120760.0,5.270441055297852,182.07551562663363
2024-06-11,121635.0,5.352799892425537,182.14701668162022
2024-06-12,119936.0,5.3649001121521,182.21854581507105
2024-06-13,119568.0,5.401000022888184,182.29010303801263
2024-06-14,119662.0,5.361599922180176,182.36168836147564
2024-06-17,119138.0,5.3572001457214355,182.4333017964952
2024-06-18,119630.0,5.423999786376953,182.50494335411065
2024-06-19,120261.0,5.439899921417236,182.57661304536578
2024-06-20,120446.0,5.422399997711182,182.64831088130867
2024-06-21,121341.0,5.452400207519531,182.72003687299176
2024-06-24,122637.0,5.426126003265381,182.79179103147177
2024-06-25,122331.0,5.3892998695373535,182.8635733678098
2024-06-26,122641.0,5.450699806213379,182.93538389307133
2024-06-27,124308.0,5.522500038146973,183.00722261832613
2024-06-28,123907.0,5.500500202178955,183.07908955464833
2024-07-01,124718.0,5.591899871826172,183.15098471311643
2024-07-02,124787.0,5.65500020980835,183.22290810481326
2024-07-03,125662.0,5.67549991607666,183.294859740826
2024-07-04,126164.0,5.5553998947143555,183.3668396322462
2024-07-05,126267.0,5.486400127410889,183.43884779016977
2024-07-08,126548.0,5.471290111541748,183.51088422569694
2024-07-09,127108.0,5.470399856567383,183.58294894993236
2024-07-10,127218.0,5.417099952697754,183.655041973985
2024-07-11,128294.0,5.414700031280518,183.72716330896816
2024-07-12,128897.0,5.438000202178955,183.79931296599958
2024-07-15,129321.0,5.422800064086914,183.8714909562013
2024-07-16,129110.0,5.446800231933594,183.94369729069982
2024-07-17,129450.0,5.424300193786621,184.01593198062585
2024-07-18,127652.0,5.48769998550415,184.08819503711462
2024-07-19,127616.0,5.5432000160217285,184.16048647130566
2024-07-22,127860.0,5.520872116088867,184.23280629434294
2024-07-23,126590.0,5.570700168609619,184.30515451737472
2024-07-24,126423.0,5.585299968719482,184.37753115155365
2024-07-25,125954.0,5.653600215911865,184.44993620803686
2024-07-26,127492.0,5.643099784851074,184.52236969798574
2024-07-29,126954.0,5.622840881347656,184.59483163256613
2024-07-30,126139.0,5.614500045776367,184.6673220229482
2024-07-31,127652.0,5.611100196838379,184.73984088030662
2024-08-01,127395.0,5.656599998474121,184.81238821582028
2024-08-02,125854.0,5.7505998611450195,184.88496404067263
2024-08-05,125270.0,5.7266998291015625,184.9575683660514
2024-08-06,126267.0,5.720900058746338,185.03020120314872
2024-08-07,127514.0,5.6554999351501465,185.10286256316118
2024-08-08,128661.0,5.635799884796143,185.1755524572897
2024-08-09,130615.0,5.54610013961792,185.24827089673968
2024-08-12,131116.0,5.50629997253418,185.32101789272082
2024-08-13,132398.0,5.4918999671936035,185.39379345644727
2024-08-14,133318.0,5.455699920654297,185.4665975991376
2024-08-15,134153.0,5.468900203704834,185.53943033201477
2024-08-16,133953.0,5.484899997711182,185.61229166630613
2024-08-19,135778.0,5.47130012512207,185.6851816132435
2024-08-20,136087.0,5.405600070953369,185.75810018406298
2024-08-21,136464.0,5.478099822998047,185.83104739000524
2024-08-22,135173.0,5.482500076293945,185.90402324231528
2024-08-23,135608.0,5.59089994430542,185.97702775224252
2024-08-26,136889.0,5.485400199890137,186.0500609310408
2024-08-27,136776.0,5.495699882507324,186.12312278996842
2024-08-28,137344.0,5.507900238037109,186.19621334028804
2024-08-29,136041.0,5.56220006942749,186.26933259326674
2024-08-30,136004.0,5.627699851989746,186.3424805601761
2024-09-02,134981.0,5.6092000007629395,186.41565725229208
2024-09-03,134353.0,5.615099906921387,186.48886268089504
2024-09-04,136111.0,5.647500038146973,186.5620968572698
2024-09-05,136502.0,5.642000198364258,186.63535979270566
2024-09-06,134572.0,5.567500114440918,186.70865149849624
2024-09-09,134737.0,5.59660005569458,186.78197198593966
2024-09-10,134320.0,5.5843000411987305,186.85532126633854
2024-09-11,134677.0,5.662899971008301,186.9286993509998
2024-09-12,134029.0,5.667399883270264,187.00210625123492
2024-09-13,134882.0,5.625699996948242,187.07554197835975
2024-09-16,135118.0,5.612370014190674,187.14900654369464
2024-09-17,134960.0,5.503900051116943,187.22249995856433
2024-09-18,133748.0,5.4816999435424805,187.29602223429805
2024-09-19,133123.0,5.460999965667725,187.37125530050912
2024-09-20,131065.0,5.423900127410889,187.44651858633821
2024-09-23,130568.0,5.513599872589111,187.52181210392396
2024-09-24,132156.0,5.536099910736084,187.59713586540985
2024-09-25,131586.0,5.449699878692627,187.67248988294426
2024-09-26,133010.0,5.473800182342529,187.74787416868043
2024-09-27,132730.0,5.436699867248535,187.8232887347765
2024-09-30,131816.0,5.433199882507324,187.89873359339546
2024-10-01,132495.0,5.448500156402588,187.97420875670525
2024-10-02,133515.0,5.423999786376953,188.04971423687863
2024-10-03,131672.0,5.440299987792969,188.1252500460933
2024-10-04,131792.0,5.47629976272583,188.2008161965318
2024-10-07,132018.0,5.4542999267578125,188.27641270038163
2024-10-08,131512.0,5.494200229644775,188.3520395698351
2024-10-09,129962.0,5.5346999168396,188.4276968170895
2024-10-10,130353.0,5.596099853515625,188.50338445434699
2024-10-11,129992.0,5.581699848175049,188.5791024938146
2024-10-14,131005.0,5.610599994659424,188.65485094770432
2024-10-15,131043.0,5.594699859619141,188.730629828233
2024-10-16,131750.0,5.6519999504089355,188.80643914762237
2024-10-17,130793.0,5.668000221252441,188.8822789180992
2024-10-18,130499.0,5.651800155639648,188.958149151895
2024-10-21,130362.0,5.635900020599365,189.03404986124633
2024-10-22,129721.0,5.6880998611450195,189.1099810583946
2024-10-23,129233.0,5.689300060272217,189.1859427555861
2024-10-24,130067.0,5.686500072479248,189.2619349650722
2024-10-25,129893.0,5.664000034332275,189.33795769910896
2024-10-28,131213.0,5.685812950134277,189.4140109699575
2024-10-29,130730.0,5.71019983291626,189.49009478988393
2024-10-30,130639.0,5.760000228881836,189.56620917115913
2024-10-31,129713.0,5.76230001449585,189.642354126059
2024-11-01,128121.0,5.789400100708008,189.71852966686433
2024-11-04,130515.0,5.677525997161865,189.7947358058609
2024-11-05,130661.0,5.790599822998047,189.8709725553394
2024-11-06,130341.0,5.739799976348877,189.9472399275954
2024-11-07,129682.0,5.674799919128418,190.02693609105182
2024-11-08,127830.0,5.690999984741211,190.1066656926276
2024-11-11,127874.0,5.736400127410889,190.18642874635222
2024-11-12,127698.0,5.75540018081665,190.26622526626133
2024-11-13,127734.0,5.748199939727783,190.3460552663963
2024-11-14,127792.0,5.8059000968933105,190.42591876080445
2024-11-15,127792.0,5.788300037384033,190.42591876080445
2024-11-18,127768.0,5.794600009918213,190.50581576353892
2024-11-19,128197.0,5.746399879455566,190.58574628865884
2024-11-20,128197.0,5.7718000411987305,190.58574628865884
2024-11-21,126922.0,5.770699977874756,190.66571035022918
2024-11-22,129126.0,5.8140997886657715,190.7457079623208
2024-11-25,129036.0,5.799300193786621,190.82573913901058
2024-11-26,129922.0,5.7972002029418945,190.90580389438114
2024-11-27,127669.0,5.809599876403809,190.98590224252112
2024-11-28,124610.0,5.937399864196777,191.06603419752503
2024-11-29,125668.0,6.013899803161621,191.14619977349327
2024-12-02,125236.0,5.973199844360352,191.22639898453224
2024-12-03,126139.0,6.05679988861084,191.30663184475418
2024-12-04,126087.0,6.043099880218506,191.3868983682773
2024-12-05,127858.0,6.03879976272583,191.46719856922567
2024-12-06,125946.0,6.010300159454346,191.54753246172936
2024-12-09,127210.0,6.0883002281188965,191.62790005992434
2024-12-10,128228.0,6.076600074768066,191.7083013779525
2024-12-11,129593.0,6.045300006866455,191.78873642996166
2024-12-12,126042.0,5.952700138092041,191.876025237573
2024-12-13,124612.0,5.996099948883057,191.96335377293937
2024-12-16,123560.0,6.040900230407715,192.05072205414206
2024-12-17,124698.0,6.147299766540527,192.13813009927057
2024-12-18,120772.0,6.1031999588012695,192.22557792642263
2024-12-19,121188.0,6.288899898529053,192.3130655537043
2024-12-20,122102.0,6.151599884033203,192.40059299922973
2024-12-23,120767.0,6.084199905395508,192.48816028112148
2024-12-24,120767.0,6.193900108337402,192.5757674175102
2024-12-25,120767.0,6.175600051879883,192.5757674175102
2024-12-26,121078.0,6.182799816131592,192.66341442653493
2024-12-27,120269.0,6.148499965667725,192.75110132634288
2024-12-30,120283.0,6.193699836730957,192.83882813508953
2024-12-31,120283.0,6.1778998374938965,192.92659487093863
2025-01-02,120125.0,6.300000190734863,193.01440155206225
2025-01-03,118533.0,6.151000022888184,193.10224819664063
2025-01-06,120022.0,6.180699825286865,193.19013482286235
2025-01-07,121163.0,6.115499973297119,193.2780614489243
2025-01-08,119625.0,6.100900173187256,193.3660280930315
2025-01-09,119781.0,6.105800151824951,193.4540347733975
2025-01-10,118856.0,6.034599781036377,193.5420815082439
2025-01-13,119007.0,6.105899810791016,193.63016831580074
2025-01-14,119299.0,6.093400001525879,193.7182952143063
2025-01-15,122650.0,6.054800033569336,193.80646222200718
2025-01-16,121234.0,6.012199878692627,193.89466935715828
2025-01-17,122350.0,6.049900054931641,193.9829166380228
2025-01-20,122543.0,6.066163063049316,194.07120408287227
2025-01-21,123338.0,6.029799938201904,194.1595317099865
2025-01-22,122972.0,6.020500183105469,194.24789953765367
2025-01-23,122483.0,5.940299987792969,194.33630758417024
2025-01-24,122447.0,5.923999786376953,194.42475586784101
2025-01-27,124862.0,5.90910005569458,194.51324440697914
2025-01-28,124056.0,5.892600059509277,194.60177321990608
2025-01-29,123432.0,5.856100082397461,194.69034232495167
2025-01-30,126913.0,5.8566999435424805,194.78581262811755
2025-01-31,126135.0,5.874499797821045,194.88132974705604
2025-02-03,125970.0,5.84060001373291,194.97689370472412
2025-02-04,125147.0,5.80620002746582,195.0725045240901
2025-02-05,125534.0,5.7571001052856445,195.1681622281336
2025-02-06,126225.0,5.8028998374938965,195.26386683984543
2025-02-07,124619.0,5.760499954223633,195.3596183822277
2025-02-10,125572.0,5.803199768066406,195.4554168782938
2025-02-11,126522.0,5.786900043487549,195.5512623510684
2025-02-12,124380.0,5.764500141143799,195.64715482358753
2025-02-13,124850.0,5.764400005340576,195.7430943188984
2025-02-14,128219.0,5.766900062561035,195.83908086005954
2025-02-17,128869.0,5.701200008392334,195.93511447014092
2025-02-18,128532.0,5.712100028991699,196.03119517222365
2025-02-19,127309.0,5.688600063323975,196.12732298940028
2025-02-20,127601.0,5.720300197601318,196.2234979447746
2025-02-21,127128.0,5.701300144195557,196.3197200614618
2025-02-24,125401.0,5.730999946594238,196.41598936258836
2025-02-25,125980.0,5.7778000831604,196.51230587129209
2025-02-26,124769.0,5.740300178527832,196.60866961072222
2025-02-27,124799.0,5.801700115203857,196.70508060403924
2025-02-28,122799.0,5.839000225067139,196.80153887441506
2025-03-03,122799.0,5.88040018081665,196.80153887441506
2025-03-04,122799.0,6.020500183105469,196.80153887441506
2025-03-05,123047.0,5.885700225830078,196.89804444503292
2025-03-06,123358.0,5.740099906921387,196.99459733908745
2025-03-07,125035.0,5.763000011444092,197.09119757978462
2025-03-10,124519.0,5.782899856567383,197.18784519034182
2025-03-11,123507.0,5.85290002822876,197.28454019398782
2025-03-12,123864.0,5.808599948883057,197.38128261396278
2025-03-13,125637.0,5.797800064086914,197.47807247351818
2025-03-14,128957.0,5.798500061035156,197.57490979591702
2025-03-17,130834.0,5.740600109100342,197.67179460443367
2025-03-18,131475.0,5.678069114685059,197.76872692235386
2025-03-19,132508.0,5.672100067138672,197.8657067729748
2025-03-20,131955.0,5.648099899291992,197.9696476073997
2025-03-21,132345.0,5.673900127410889,198.07364304298434
2025-03-24,131321.0,5.729599952697754,198.17769310841123
2025-03-25,132068.0,5.760799884796143,198.28179783237803
2025-03-26,132520.0,5.698400020599365,198.38595724359735
2025-03-27,133149.0,5.733500003814697,198.490171370797
2025-03-28,131902.0,5.739299774169922,198.59444024271977
2025-03-31,130260.0,5.7581000328063965,198.6987638881237
2025-04-01,131147.0,5.698400020599365,198.80314233578176
2025-04-02,131190.0,5.681300163269043,198.90757561448217
2025-04-03,131141.0,5.663700103759766,199.0120637530282
2025-04-04,127256.0,5.6305999755859375,199.1166067802383
2025-04-07,125588.0,5.840030193328857,199.22120472494603
2025-04-08,123932.0,5.913599967956543,199.3258576160001
2025-04-09,127796.0,6.013299942016602,199.43056548226434
2025-04-10,126355.0,5.8180999755859375,199.53532835261782
2025-04-11,127682.0,5.884300231933594,199.64014625595473
2025-04-14,129454.0,5.864200115203857,199.74501922118446
2025-04-15,129245.0,5.8541998863220215,199.84994727723154
2025-04-16,128317.0,5.8846001625061035,199.95493045303573
2025-04-17,129650.0,5.8653998374938965,200.05996877755203
2025-04-22,130464.0,5.80709981918335,200.16506227975057
2025-04-23,132216.0,5.719900131225586,200.27021098861675
2025-04-24,134580.0,5.703400135040283,200.37541493315118
2025-04-25,134739.0,5.678699970245361,200.48067414236974
2025-04-28,135016.0,5.684700012207031,200.58598864530347
2025-04-29,135093.0,5.652900218963623,200.6913584709987
2025-04-30,135067.0,5.619999885559082,200.7967836485171
2025-05-01,135067.0,5.672900199890137,200.7967836485171
2025-05-02,135134.0,5.67710018157959,200.90226420693554
2025-05-05,133491.0,5.666900157928467,201.0078001753461
2025-05-06,133516.0,5.686299800872803,201.1133915828562
2025-05-07,133398.0,5.712800025939941,201.21903845858859
2025-05-08,136232.0,5.74459981918335,201.3282319819985
2025-05-09,136512.0,5.661600112915039,201.43748476036586
2025-05-12,136563.0,5.648200035095215,201.54679682584595
2025-05-13,138963.0,5.6697998046875,201.65616821061144
2025-05-14,138423.0,5.60046911239624,201.7655989468526
2025-05-15,139334.0,5.636499881744385,201.87508906677715
2025-05-16,139187.0,5.681300163269043,201.98463860261012
2025-05-19,139636.0,5.6586737632751465,202.0942475865942
2025-05-20,140110.0,5.644499778747559,202.20391605098956
2025-05-21,137881.0,5.667300224304199,202.31364402807378
2025-05-22,137273.0,5.644700050354004,202.42343155014203
2025-05-23,137824.0,5.71619987487793,202.53327864950705
2025-05-26,138136.0,5.645199775695801,202.64318535849898
2025-05-27,139541.0,5.666600227355957,202.7531517094656
2025-05-28,138888.0,5.637400150299072,202.8631777347723
2025-05-29,138534.0,5.688700199127197,202.97326346680188
2025-05-30,137027.0,5.66510009765625,203.08340893795477
2025-06-02,136787.0,5.720799922943115,203.19361418064906
2025-06-03,137546.0,5.672399997711182,203.30387922732035
2025-06-04,137002.0,5.637800216674805,203.41420411042185
2025-06-05,136236.0,5.6321001052856445,203.52458886242442
2025-06-06,136102.0,5.58459997177124,203.63503351581647
2025-06-09,135699.0,5.562699794769287,203.7455381031042
2025-06-10,136436.0,5.557000160217285,203.85610265681123
2025-06-11,137128.0,5.5721001625061035,203.966727209479
2025-06-12,137800.0,5.535799980163574,204.07741179366647
2025-06-13,137213.0,5.537300109863281,204.18815644195044
2025-06-16,139256.0,5.538899898529053,204.29896118692525
2025-06-17,138840.0,5.490799903869629,204.40982606120298
2025-06-18,138717.0,5.493000030517578,204.52075109741338
2025-06-19,138717.0,5.485199928283691,204.52075109741338
2025-06-20,137116.0,5.489999771118164,204.6335054327009
2025-06-23,136551.0,5.518400192260742,204.74632193058105
2025-06-24,137165.0,5.493800163269043,204.8592006253246
2025-06-25,135767.0,5.510300159454346,204.9721415512214
2025-06-26,137114.0,5.5578999519348145,205.08514474258
2025-06-27,136866.0,5.477099895477295,205.19821023372805
2025-06-30,138855.0,5.478400230407715,205.31133805901206
2025-07-01,139549.0,5.430200099945068,205.4245282527974
2025-07-02,139051.0,5.458799839019775,205.53778084946845
2025-07-03,140928.0,5.426400184631348,205.6510958834286
2025-07-04,141478.0,5.409299850463867,205.76447338910012
2025-07-07,139490.0,5.419400215148926,205.87791340092429
2025-07-08,139303.0,5.48769998550415,205.99141595336135
2025-07-09,137481.0,5.446100234985352,206.10498108089058
2025-07-10,136743.0,5.5817999839782715,206.21860881801032
2025-07-11,136187.0,5.531099796295166,206.33229919923778
2025-07-14,135299.0,5.571899890899658,206.44605225910934
2025-07-15,135250.0,5.586999893188477,206.55986803218033
2025-07-16,135511.0,5.5510029792785645,206.67374655302518
2025-07-17,135565.0,5.5665998458862305,206.78768785623737
2025-07-18,133382.0,5.546599864959717,206.9016919764294
2025-07-21,134167.0,5.578100204467773,207.01575894823296
2025-07-22,134036.0,5.565499782562256,207.1298888062987
2025-07-23,135368.0,5.563899993896484,207.24408158529656
2025-07-24,133808.0,5.51639986038208,207.35833731991536
2025-07-25,133524.0,5.519999980926514,207.47265604486321
2025-07-28,132129.0,5.565199851989746,207.58703779486729
2025-07-29,132726.0,5.5868000984191895,207.701482604674
2025-07-30,133990.0,5.573200225830078,207.81599050904882
2025-07-31,133071.0,5.575399875640869,207.93056154277636
2025-08-01,132437.0,5.598800182342529,208.04519574066052
2025-08-04,132971.0,5.537899971008301,208.1598931375243
2025-08-05,133151.0,5.496099948883057,208.27465376821
2025-08-06,134538.0,5.502999782562256,208.38947766757897
2025-08-07,136528.0,5.458899974822998,208.50436487051192
2025-08-08,135913.0,5.414299964904785,208.6193154119087
2025-08-11,135623.0,5.432300090789795,208.73432932668848
2025-08-12,137914.0,5.442299842834473,208.8494066497896
2025-08-13,136687.0,5.401199817657471,208.9645474161697
2025-08-14,136356.0,5.391200065612793,209.07975166080575
2025-08-15,136341.0,5.40910005569458,209.19501941869387
2025-08-18,137322.0,5.400400161743164,209.31035072484963
2025-08-19,134432.0,5.435699939727783,209.42574561430777
2025-08-20,134667.0,5.497600078582764,209.54120412212242
2025-08-21,134511.0,5.469161033630371,209.65672628336702
2025-08-22,137968.0,5.464799880981445,209.77231213313433
2025-08-25,138025.0,5.421299934387207,209.8879617065365
2025-08-26,137771.0,5.4096999168396,210.00367503870493
2025-08-27,139206.0,5.43120002746582,210.11945216479054
2025-08-28,141049.0,5.417699813842773,210.23529311996353
2025-08-29,141422.0,5.413000106811523,210.35119793941354
2025-09-01,141125.0,5.432400226593018,210.46716665834953
2025-09-02,140335.0,5.438399791717529,210.58319931199995
2025-09-03,139864.0,5.4670000076293945,210.69929593561264
2025-09-04,140993.0,5.4481000900268555,210.81545656445493
2025-09-05,142640.0,5.443999767303467,210.93168123381352
2025-09-08,141792.0,5.412199974060059,211.04796997899453
2025-09-09,141618.0,5.420300006866455,211.16432283532367
2025-09-10,142349.0,5.433599948883057,211.28073983814605
2025-09-11,143151.0,5.4019999504089355,211.39722102282624
2025-09-12,142272.0,5.388199806213379,211.51376642474835
2025-09-15,143547.0,5.35099983215332,211.630376079316
2025-09-16,144062.0,5.315199851989746,211.7470500219523
2025-09-17,145594.0,5.29580020904541,211.8637882880999
2025-09-18,145500.0,5.310100078582764,211.98059091322102
2025-09-19,145865.0,5.304299831390381,212.09745793279745
2025-09-22,145109.0,5.320499897003174,212.21438938233038
2025-09-23,146425.0,5.3343000411987305,212.33138529734074
2025-09-24,146492.0,5.281599998474121,212.44844571336904
2025-09-25,145306.0,5.329899787902832,212.56557066597532
2025-09-26,145447.0,5.363699913024902,212.6827601907392
2025-09-29,146337.0,5.3422532081604,212.80001432325997
2025-09-30,146237.0,5.321700096130371,212.91733309915654
2025-10-01,145517.0,5.319499969482422,213.03471655406744
2025-10-02,143950.0,5.328800201416016,213.1521647236509
2025-10-03,144201.0,5.336599826812744,213.26967764358474
2025-10-06,143608.0,5.33459997177124,213.38725534956643
2025-10-07,141356.0,5.311200141906738,213.50489787731323
2025-10-08,142145.0,5.353799819946289,213.62260526256196
2025-10-09,141708.0,5.33519983291626,213.74037754106928
2025-10-10,140680.0,5.377200126647949,213.8582147486115
2025-10-13,141783.0,5.5229997634887695,213.97611692098457
2025-10-14,141683.0,5.464099884033203,214.0940840940043
2025-10-15,142604.0,5.481500148773193,214.21211630350618
2025-10-16,142200.0,5.4492998123168945,214.3302135853455
2025-10-17,143399.0,5.440814971923828,214.44837597539723
2025-10-20,144509.0,5.406099796295166,214.56660350955622
2025-10-21,144085.0,5.36870002746582,214.6848962237371
2025-10-22,144873.0,5.38670015335083,214.80325415387424
2025-10-23,145721.0,5.399400234222412,214.92167733592186
2025-10-24,146172.0,5.382900238037109,215.04016580585392
2025-10-27,146969.0,5.388299942016602,215.15871959966435
2025-10-28,147429.0,5.373300075531006,215.27733875336685
2025-10-29,148633.0,5.357399940490723,215.39602330299502
2025-10-30,148780.0,5.357800006866455,215.5147732846022
2025-10-31,149540.0,5.381999969482422,215.63358873426176
2025-11-03,150454.0,5.374599933624268,215.75246968806687
2025-11-04,150704.0,5.354899883270264,215.87141618213064
2025-11-05,153294.0,5.395899772644043,215.990428252586
2025-11-06,153339.0,5.35860013961792,216.109505935586
2025-11-07,154064.0,5.3495001792907715,216.22864926730335
2025-11-10,155257.0,5.330900192260742,216.34785828393092
2025-11-11,157749.0,5.289700031280518,216.46713302168146
2025-11-12,157633.0,5.270699977874756,216.58647351678763
2025-11-13,157162.0,5.291299819946289,216.7058798055022
2025-11-14,157739.0,5.296500205993652,216.8253519240978
2025-11-17,156993.0,5.295599937438965,216.94488990886705
2025-11-18,156522.0,5.329500198364258,217.06449379612275
2025-11-19,155381.0,5.321499824523926,217.18416362219753
2025-11-20,155381.0,5.32859992980957,217.18416362219753
2025-11-21,154770.0,5.332300186157227,217.3038994234441
2025-11-24,155278.0,5.402100086212158,217.42370123623527
2025-11-25,155910.0,5.3867998123168945,217.5435690969638
2025-11-26,158555.0,5.37939977645874,217.66350304204266
2025-11-27,158292.0,5.3308000564575195,217.7835031079048
2025-11-28,159072.0,5.355400085449219,217.90356933100327
2025-12-01,158611.0,5.335400104522705,218.02370174781117
2025-12-02,161092.0,5.355800151824951,218.1439003948218
2025-12-03,161755.0,5.326300144195557,218.26416530854846
2025-12-04,164456.0,5.306099891662598,218.38449652552475
2025-12-05,157369.0,5.309299945831299,218.50489408230422
2025-12-08,158187.0,5.4380998611450195,218.62535801546076
2025-12-09,157981.0,5.429999828338623,218.7458883615883
2025-12-10,159075.0,5.43149995803833,218.86648515730096
2025-12-11,159189.0,5.469799995422363,218.98714843923304
2025-12-12,160766.0,5.4054999351501465,219.10787824403909
2025-12-15,162482.0,5.4182000160217285,219.22867460839385
2025-12-16,158578.0,5.413400173187256,219.34953756899222
2025-12-17,157327.0,5.507500171661377,219.4704671625494
2025-12-18,157923.0,5.518499851226807,219.5914634258008
2025-12-19,158473.0,5.521299839019775,219.71252639550212
2025-12-22,158142.0,5.53980016708374,219.8336561084292
2025-12-23,160456.0,5.590000152587891,219.95485260137838
2025-12-24,160456.0,5.518499851226807,220.07611591116608
2025-12-26,160897.0,5.519499778747559,220.19744607462908
2025-12-29,160490.0,5.542500019073486,220.31884312862448
2025-12-30,161125.0,5.5690999031066895,220.44030711002972
2025-12-31,161125.0,5.476200103759766,220.56183805574258
2026-01-02,160539.0,5.517000198364258,220.68343600268113
2026-01-05,161870.0,5.421599864959717,220.8051009877838
2026-01-06,163664.0,5.40749979019165,220.92683304800937
2026-01-07,161975.0,5.372000217437744,221.0486322203371
2026-01-08,162937.0,5.383900165557861,221.17049854176653
2026-01-09,163370.0,5.386600017547607,221.2924320493176
2026-01-12,163150.0,5.370299816131592,221.41443278003075
2026-01-13,161973.0,5.373700141906738,221.53650077096674
2026-01-14,165146.0,5.371300220489502,221.65863605920683
2026-01-15,165568.0,5.396100044250488,221.78083868185263
2026-01-16,164800.0,5.3678998947143555,221.90310867602636
2026-01-19,164849.0,5.367700099945068,222.02544607887057
2026-01-20,166277.0,5.36870002746582,222.14785092754835
2026-01-21,171817.0,5.374300003051758,222.2703232592432
2026-01-22,175589.0,5.31879997253418,222.39286311115927
2026-01-23,178859.0,5.283699989318848,222.5154705205211
2026-01-26,178721.0,5.288899898529053,222.6381455245738
2026-01-27,181919.0,5.279099941253662,222.76088816058297
2026-01-28,184691.0,5.183599948883057,222.8836984658348
2026-01-29,183134.0,5.1971001625061035,223.00657647763603
2026-01-30,181364.0,5.189199924468994,223.12952223331393
2026-02-02,182793.0,5.255000114440918,223.25253577021638
2026-02-03,185674.0,5.259399890899658,223.37561712571187
2026-02-04,181708.0,5.237500190734863,223.49876633718947
2026-02-05,182127.0,5.23799991607666,223.62198344205885
2026-02-06,182950.0,5.270500183105469,223.7452684777503
2026-02-09,186241.0,5.21589994430542,223.86862148171477
2026-02-10,185929.0,5.1915998458862305,223.99204249142386
2026-02-11,189699.0,5.196199893951416,224.11553154436982
2026-02-12,187766.0,5.198699951171875,224.2390886780656
2026-02-13,186464.0,5.213900089263916,224.36271393004472
2026-02-16,186464.0,5.217899799346924,224.36271393004472
2026-02-17,186464.0,5.243899822235107,224.36271393004472
2026-02-18,186016.0,5.2204999923706055,224.4864073378615
2026-02-19,188534.0,5.234399795532227,224.61016893909095
2026-02-20,190534.0,5.208799839019775,224.73399877132877
2026-02-23,188854.0,5.176499843597412,224.8578968721914
2026-02-24,191490.0,5.170899868011475,224.98186327931603
2026-02-25,191248.0,5.1519999504089355,225.10589803036058
2026-02-26,191005.0,5.124199867248535,225.23000116300375
2026-02-27,188787.0,5.136600017547607,225.35417271494492
2026-03-02,189307.0,5.1296000480651855,225.4784127239044
2026-03-03,183105.0,5.170300006866455,225.60272122762325
2026-03-04,185366.0,5.277299880981445,225.72709826386327
2026-03-05,180464.0,5.230100154876709,225.85154387040714
2026-03-06,179365.0,5.263400077819824,225.97605808505836
2026-03-09,180915.0,5.243500232696533,226.10064094564123
2026-03-10,183447.0,5.2052998542785645,226.225292490001
2026-03-11,183969.0,5.162399768829346,226.35001275600368
2026-03-12,179285.0,5.151400089263916,226.4748017815362
2026-03-13,177653.0,5.243899822235107,226.5996596045064
2026-03-16,179875.0,5.329100131988525,226.72458626284296
2026-03-17,180410.0,5.233399868011475,226.84958179449555
2026-03-18,179640.0,5.19290018081665,226.97464623743468
2026-03-19,180271.0,5.2621002197265625,227.0978162989619
2026-03-20,176219.0,5.219900131225586,227.2210531999547
2026-03-23,181932.0,5.3119001388549805,227.3443569766842
2026-03-24,182509.0,5.232900142669678,227.4677276654412
2026-03-25,185424.0,5.232600212097168,227.59116530253613
2026-03-26,182733.0,5.236800193786621,227.71466992429922
2026-03-27,181557.0,5.235099792480469,227.83824156708033
2026-03-30,182514.0,5.23799991607666,227.96188026724911
2026-03-31,187462.0,5.263999938964844,228.08558606119496
2026-04-01,187953.0,5.192800045013428,228.20935898532696
2026-04-02,188052.0,5.1545000076293945,228.33319907607392
2026-04-03,188052.0,5.156400203704834,228.33319907607392
2026-04-06,188162.0,5.157899856567383,228.45710636988454
2026-04-07,188259.0,5.138299942016602,228.58108090322725
2026-04-08,192201.0,5.150599956512451,228.7051227125902
2026-04-09,195129.0,5.100200176239014,228.82923183448142
2026-04-10,197324.0,5.095799922943115,228.95340830542872
2026-04-13,198001.0,5.005000114440918,229.07765216197973
2026-04-14,198657.0,4.9944000244140625,229.20196344070197
2026-04-15,197738.0,4.984799861907959,229.3263421781827
2026-04-16,196819.0,4.992400169372559,229.4507884110291
2026-04-17,195734.0,4.987090110778809,229.57530217586825
2026-04-20,196132.0,5.00629997253418,229.699883509347
2026-04-21,196132.0,4.952400207519531,229.699883509347
2026-04-22,192889.0,5.007999897003174,229.8245324481322
2026-04-23,191378.0,4.984899997711182,229.94924902891051
2026-04-24,190745.0,5.030799865722656,230.07403328838856
2026-04-27,189579.0,4.979100227355957,230.19888526329285
2026-04-28,188619.0,4.999599933624268,230.32380499036984
2026-04-29,184750.0,4.99429988861084,230.44879250638593
2026-04-30,187318.0,5.017499923706055,230.57185216158436
2026-05-01,187318.0,4.9695000648498535,230.57185216158436
2026-05-04,185600.0,4.951929092407227,230.69497753063865
2026-05-05,186754.0,4.984799861907959,230.81816864864004
2026-05-06,187691.0,4.927299976348877,230.94142555069843
2026-05-07,183218.0,4.932271957397461,231.06474827194253
2026-05-08,184108.0,4.944900035858154,231.18813684751976
2026-05-11,181909.0,4.913300037384033,231.31159131259636
2026-05-12,180342.0,4.906400203704834,231.4351117023573
2026-05-13,177098.0,4.9096999168396,231.55869805200635
2026-05-14,178366.0,5.024899959564209,231.6823503967661
2026-05-15,177284.0,5.0040998458862305,231.80606877187802
2026-05-18,176976.0,5.060400009155273,231.9298532126022
2026-05-19,174279.0,5.005624771118164,232.05370375421776
2026-05-20,177356.0,5.058199882507324,232.17762043202254
2026-05-21,177650.0,5.01170015335083,232.30160328133326
2026-05-22,176210.0,5.017099857330322,232.42565233748547
2026-05-25,177359.0,5.025700092315674,232.5497676358337
2026-05-26,176589.0,5.01039981842041,232.67394921175125
2026-05-27,175744.0,5.04449987411499,232.79819710063032
2026-05-28,175063.0,5.07289981842041,232.92251133788207
2026-05-29,173788.0,5.051700115203857,233.0468919589365
2026-06-01,172198.0,5.0391998291015625,233.17133899924255
2026-06-02,174198.0,5.038599967956543,233.2958524942682
2026-06-03,170331.0,5.020699977874756,233.42043247950014
2026-06-04,170331.0,5.077400207519531,233.42043247950014
2026-06-05,169019.0,5.060699939727783,233.5450789904442
2026-06-08,168669.0,5.177000045776367,233.66979206262513
2026-06-09,169813.0,5.203100204467773,233.7945717315866
2026-06-10,168619.0,5.190100193023682,233.91941803289126
2026-06-11,171497.0,5.1921000480651855,234.04433100212083
2026-06-12,171133.0,5.113800048828125,234.169310674876
2026-06-15,170415.0,5.0609002113342285,234.29435708677636
2026-06-16,169649.0,5.075099945068359,234.41947027346072
2026-06-17,168454.0,5.101900100708008,234.54465027058674
2026-06-18,168278.0,5.122099876403809,234.66785892082038
2026-06-19,168576.0,5.18149995803833,234.79113229379007
2026-06-22,170370.0,5.151400089263916,234.91447042349535
2026-06-23,171259.0,5.156499862670898,235.0378733439535
2026-06-24,170507.0,5.197700023651123,235.16134108919982
2026-06-25,171990.0,5.207499980926514,235.28487369328735
2026-06-26,173295.0,5.1940999031066895,235.4084711902872
2026-06-29,173205.0,5.1707000732421875,235.5321336142882
2026-06-30,172024.0,5.181787014007568,235.6558609993971
2026-07-01,171689.0,5.174699783325195,235.7796533797387
2026-07-02,172788.0,5.220600128173828,235.90351078945565
2026-07-03,174266.0,5.2221999168396,236.02743326270846
2026-07-06,172448.0,5.1844000816345215,236.15142083367567
2026-07-07,172021.0,5.143599987030029,236.27547353655382
2026-07-08,170654.0,5.170899868011475,236.39959140555732
2026-07-09,172742.0,5.16349983215332,236.52377447491855
2026-07-10,177866.0,5.133900165557861,236.64802277888793
2026-07-13,175739.0,5.107800006866455,236.7723363517339
2026-07-14,176641.0,5.147900104522705,236.89671522774285
2026-07-15,176011.0,5.087900161743164,237.02115944121914
2026-07-16,173825.0,5.09089994430542,237.14566902648522
2026-07-17,173714.0,5.11359977722168,237.2702440178815
2026-07-20,173371.0,5.126999855041504,237.39488444976655
2026-07-21,173326.0,5.104400157928467,237.51959035651686
2026-07-22,177548.0,5.087500095367432,237.64436177252705
2026-07-23,176724.0,5.062488079071045,237.7691987322098
2026-07-24,174042.0,5.09689998626709,237.89410126999582
2026-07-27,175335.0,5.082499980926514,238.01906942033395
2026-07-28,176565.0,5.123025894165039,238.14410321769114
2026-07-29,173885.0,5.1371002197265625,238.26920269655244
2026-07-30,177159.0,5.127099990844727,238.39436789142096
2026-07-31,177999.0,5.078100204467773,238.519598836818
2026-08-03,178000.0,5.072700023651123,238.644895567283
2026-08-04,177895.0,5.10290002822876,238.77025811737346
2026-08-05,177726.0,5.143700122833252,238.89568652166506
2026-08-06,175546.0,5.138500213623047,239.01910003332216
2026-08-07,172513.0,5.121799945831299,239.1425773003994
2026-08-10,172180.0,5.082600116729736,239.26611835583282
2026-08-11,167875.0,5.105999946594238,239.38972323257545
2026-08-12,167491.0,5.173500061035156,239.51339196359746
2026-08-13,167101.0,5.195400238037109,239.63712458188584
2026-08-14,166934.0,5.19980001449585,239.76092112044486
2026-08-17,166784.0,5.221700191497803,239.8847816122957
2026-08-18,166335.0,5.202499866485596,240.00870609047666
2026-08-19,167830.0,5.214300155639648,240.132694588043
2026-08-20,167927.0,5.176700115203857,240.25674713806723
2026-08-21,171032.0,5.1930999755859375,240.38086377363874
2026-08-24,171907.0,5.13730001449585,240.50504452786421
2026-08-25,174577.0,5.154300212860107,240.62928943386734
2026-08-26,174586.0,5.146399974822998,240.75359852478888
2026-08-27,175135.0,5.14739990234375,240.87797183378683
2026-08-28,175665.0,5.161099910736084,241.00240939403616
2026-08-31,177419.0,5.191199779510498,241.12691123872912
2026-09-01,179723.0,5.181700229644775,241.25147740107508
2026-09-02,185205.0,5.152200222015381,241.37610791430052
2026-09-03,185188.0,5.092700004577637,241.50080281164907
2026-09-04,185147.0,5.10099983215332,241.6255621263816
2026-09-07,185147.0,5.126200199127197,241.6255621263816
2026-09-08,187367.0,5.126699924468994,241.7503858917761
2026-09-09,185629.0,5.084799766540527,241.87527414112782
2026-09-10,188269.0,5.103400230407715,242.00022690774915
2026-09-11,187207.0,5.102799892425537,242.12524422496972
2026-09-14,185501.0,5.111207962036133,242.25032612613634
2026-09-15,186503.0,5.138000011444092,242.37547264461315
2026-09-16,185548.0,5.142899990081787,242.50068381378136
2026-09-17,185992.0,5.150899887084961,242.6238450610767
2026-09-18,185229.0,5.124100208282471,242.74706885950633
2026-09-21,186596.0,5.140699863433838,242.8703552408387
2026-09-22,187423.0,5.110400199890137,242.99370423685843
2026-09-23,185814.0,5.099899768829346,243.11711587936625
2026-09-24,183966.0,5.164299964904785,243.24059020017907
2026-09-25,183477.0,5.190499782562256,243.36412723112994
2026-09-28,182991.0,5.1875,243.48772700406812
2026-09-29,183828.0,5.222899913787842,243.61138955085892
2026-09-30,186340.0,5.202899932861328,243.735114903384
2026-10-01,187198.0,5.179100036621094,243.85890309354116
2026-10-02,192115.0,5.222599983215332,243.98275415324431
2026-10-05,206912.0,5.223100185394287,244.10666811442368
2026-10-06,205835.296875,4.996699810028076,244.10666811442368
2026-10-07,205835.296875,4.982500076293945,244.10666811442368
