Date,IBOV,PTAX,CDI_NAV
2016-10-03,59461.0,3.2597999572753906,
2016-10-04,59339.0,3.208699941635132,100.05246100000001
2016-10-05,60254.0,3.254499912261963,100.10494952156522
2016-10-06,60644.0,3.2184998989105225,100.15746557913371
2016-10-07,61109.0,3.2272000312805176,100.2100091871512
2016-10-10,61668.0,3.2193000316619873,100.26258036007087
2016-10-11,61022.0,3.202699899673462,100.31517911235358
2016-10-12,61022.0,3.1958999633789062,100.31517911235358
2016-10-13,61119.0,3.200700044631958,100.3678054584677
2016-10-14,61767.0,3.177299976348877,100.42045941288929
2016-10-17,62696.0,3.2019999027252197,100.4731409901019
2016-10-18,63782.0,3.204200029373169,100.52585020459672
2016-10-19,63506.0,3.1816999912261963,100.57858707087254
2016-10-20,63838.0,3.166100025177002,100.6304765697283
2016-10-21,64108.0,3.1391000747680664,100.6823928388954
2016-10-24,64060.0,3.148900032043457,100.73433589218493
2016-10-25,63866.0,3.124500036239624,100.78630574341507
2016-10-26,63826.0,3.1103999614715576,100.83830240641116
2016-10-27,64250.0,3.1387999057769775,100.89032589500566
2016-10-28,64308.0,3.165299892425537,100.94237622303817
2016-10-31,64925.0,3.2030999660491943,100.9944534043554
2016-11-01,63326.0,3.198199987411499,101.04655745281124
2016-11-02,63326.0,3.235100030899048,101.04655745281124
2016-11-03,61750.0,3.2525999546051025,101.09868838226672
2016-11-04,61598.0,3.2583999633789062,101.15084620659003
2016-11-07,64052.0,3.232300043106079,101.20303093965649
2016-11-08,64158.0,3.200900077819824,101.25524259534858
2016-11-09,63258.0,3.168100118637085,101.30748118755595
2016-11-10,61201.0,3.2330000400543213,101.35974673017543
2016-11-11,59184.0,3.3956000804901123,101.412039237111
2016-11-14,59657.0,3.390000104904175,101.46435872227381
2016-11-15,59657.0,3.4402999877929688,101.46435872227381
2016-11-16,60759.0,3.441699981689453,101.51670519958222
2016-11-17,59770.0,3.450700044631958,101.56907868296175
2016-11-18,59962.0,3.4323999881744385,101.62147918634507
2016-11-21,61070.0,3.3822999000549316,101.67390672367212
2016-11-22,61954.0,3.387399911880493,101.72636130888992
2016-11-23,61986.0,3.363600015640259,101.77884295595281
2016-11-24,61396.0,3.4310998916625977,101.83135167882223
2016-11-25,61559.0,3.390700101852417,101.88388749146687
2016-11-28,62855.0,3.4210000038146973,101.9364504078626
2016-11-29,60987.0,3.4072000980377197,101.9890404419925
2016-11-30,61906.0,3.4537999629974365,102.04165760784693
2016-12-01,59507.0,3.4063000679016113,102.0934110957525
2016-12-02,60316.0,3.572999954223633,102.14519083199205
2016-12-05,59832.0,3.4746999740600586,102.19699682987822
2016-12-06,61088.0,3.4200000762939453,102.24882910273041
2016-12-07,61414.0,3.4063000679016113,102.30068766387474
2016-12-08,60677.0,3.3815999031066895,102.35257252664411
2016-12-09,60501.0,3.373699903488159,102.40448370437818
2016-12-12,59179.0,3.377000093460083,102.45642121042337
2016-12-13,59281.0,3.3373000621795654,102.50838505813289
2016-12-14,58212.0,3.334199905395508,102.56037526086668
2016-12-15,58396.0,3.36899995803833,102.61239183199149
2016-12-16,58389.0,3.3657000064849854,102.66443478488085
2016-12-19,57111.0,3.390399932861328,102.71650413291506
2016-12-20,57583.0,3.3638999462127686,102.7685998894812
2016-12-21,57647.0,3.353100061416626,102.82072206797315
2016-12-22,57255.0,3.3254001140594482,102.87287068179158
2016-12-23,57937.0,3.28629994392395,102.92504574434398
2016-12-26,58620.0,3.2695000171661377,102.9772472690446
2016-12-27,58697.0,3.2695999145507812,103.02947526931452
2016-12-28,59782.0,3.269399881362915,103.0817297585816
2016-12-29,60227.0,3.2825000286102295,103.13401075028057
2016-12-30,60227.0,3.2523000240325928,103.18631825785289
2017-01-02,59589.0,3.253200054168701,103.23865229474691
2017-01-03,61814.0,3.2839999198913574,103.29101287441777
2017-01-04,61589.0,3.2634999752044678,103.34340001032743
2017-01-05,62071.0,3.214099884033203,103.39581371594466
2017-01-06,61665.0,3.197700023651123,103.44825400474511
2017-01-09,61700.0,3.2221999168395996,103.50072089021126
2017-01-10,62132.0,3.195499897003174,103.55321438583236
2017-01-11,62446.0,3.194499969482422,103.60573450510458
2017-01-12,63954.0,3.1963000297546387,103.65555746677073
2017-01-13,63652.0,3.186800003051758,103.70540438780091
2017-01-16,63831.0,3.186800003051758,103.75527527971695
2017-01-17,64354.0,3.240499973297119,103.8051701540462
2017-01-18,64150.0,3.2098000049591064,103.85508902232156
2017-01-19,63951.0,3.229599952697754,103.90503189608151
2017-01-20,64521.0,3.1949000358581543,103.95499878687002
2017-01-23,65749.0,3.1422998905181885,104.00498970623664
2017-01-24,65840.0,3.1617000102996826,104.05500466573648
2017-01-25,65840.0,3.1686999797821045,104.10504367693017
2017-01-26,66191.0,3.1684999465942383,104.15510675138395
2017-01-27,66034.0,3.176100015640259,104.20519390066963
2017-01-30,64302.0,3.109600067138672,104.25530513636451
2017-01-31,64671.0,3.125499963760376,104.30544047005155
2017-02-01,64836.0,3.150099992752075,104.35559991331917
2017-02-02,64578.0,3.128000020980835,104.40578347776149
2017-02-03,64954.0,3.122499942779541,104.4559911749781
2017-02-06,63993.0,3.119499921798706,104.50622301657424
2017-02-07,64199.0,3.1136999130249023,104.55647901416067
2017-02-08,64835.0,3.1166999340057373,104.60675917935379
2017-02-09,64965.0,3.1159000396728516,104.65706352377553
2017-02-10,66125.0,3.1287999153137207,104.70739205905349
2017-02-13,66968.0,3.107100009918213,104.75774479682076
2017-02-14,66713.0,3.110100030899048,104.8081217487161
2017-02-15,67976.0,3.081199884414673,104.85852292638383
2017-02-16,67814.0,3.0560998916625977,104.90894834147389
2017-02-17,67748.0,3.0875000953674316,104.9593980056418
2017-02-20,68533.0,3.0954999923706055,105.00987193054874
2017-02-21,69052.0,3.0855000019073486,105.06037012786142
2017-02-22,68590.0,3.093899965286255,105.11089260925222
2017-02-23,67461.0,3.062299966812134,105.15865710107173
2017-02-24,66662.0,3.06030011177063,105.20644329803162
2017-02-27,66662.0,3.094599962234497,105.20644329803162
2017-02-28,66662.0,3.105299949645996,105.20644329803162
2017-03-01,66989.0,3.1080000400543213,105.25425120999512
2017-03-02,65855.0,3.088200092315674,105.30208084682997
2017-03-03,66786.0,3.154599905014038,105.3499322184084
2017-03-06,66341.0,3.119999885559082,105.3978053346071
2017-03-07,65742.0,3.137200117111206,105.44570020530726
2017-03-08,64718.0,3.1159000396728516,105.49361684039455
2017-03-09,64585.0,3.1593000888824463,105.54155524975917
2017-03-10,64675.0,3.1912999153137207,105.58951544329578
2017-03-13,65534.0,3.1475000381469727,105.63749743090354
2017-03-14,64699.0,3.152400016784668,105.6855012224861
2017-03-15,66235.0,3.1637001037597656,105.73352682795164
2017-03-16,65783.0,3.099900007247925,105.7815742572128
2017-03-17,64210.0,3.11929988861084,105.82964352018675
2017-03-20,64884.0,3.0866000652313232,105.87773462679522
2017-03-21,62980.0,3.071000099182129,105.92584758696432
2017-03-22,63521.0,3.0868000984191895,105.97398241062481
2017-03-23,63531.0,3.0848000049591064,106.02213910771185
2017-03-24,63854.0,3.1380999088287354,106.07031768816519
2017-03-27,64308.0,3.1096999645233154,106.11851816192906
2017-03-28,64640.0,3.125200033187866,106.16674053895221
2017-03-29,65528.0,3.138400077819824,106.21498482918793
2017-03-30,65266.0,3.1221001148223877,106.26325104259399
2017-03-31,64984.0,3.147700071334839,106.31153918913279
2017-04-03,65211.0,3.121799945831299,106.35984927877111
2017-04-04,65769.0,3.11299991607666,106.40818132148038
2017-04-05,64775.0,3.095599889755249,106.4565353272365
2017-04-06,64223.0,3.1196000576019287,106.50491130601989
2017-04-07,64593.0,3.1414999961853027,106.55330926781559
2017-04-10,64650.0,3.144700050354004,106.60172922261309
2017-04-11,64360.0,3.1317999362945557,106.65017118040643
2017-04-12,63892.0,3.1368000507354736,106.69863515119424
2017-04-13,62826.0,3.123500108718872,106.74332694151367
2017-04-14,62826.0,3.142400026321411,106.74332694151367
2017-04-17,64335.0,3.143699884414673,106.7880374514364
2017-04-18,64159.0,3.1303000450134277,106.83276668880328
2017-04-19,63407.0,3.1064999103546143,106.87751466145853
2017-04-20,63761.0,3.1482999324798584,106.92228137724962
2017-04-21,63761.0,3.1470999717712402,106.92228137724962
2017-04-24,64389.0,3.1468000411987305,106.96706684402729
2017-04-25,65148.0,3.127000093460083,107.01187106964557
2017-04-26,64862.0,3.147200107574463,107.05669406196179
2017-04-27,64677.0,3.171099901199341,107.10153582883657
2017-04-28,65403.0,3.1810998916625977,107.14639637813383
2017-05-01,65403.0,3.176100015640259,107.14639637813383
2017-05-02,66722.0,3.175100088119507,107.19127571772079
2017-05-03,66094.0,3.1501998901367188,107.23617385546788
2017-05-04,64863.0,3.162100076675415,107.28109079924897
2017-05-05,65710.0,3.1849000453948975,107.32602655694112
2017-05-08,65526.0,3.1777000427246094,107.37098113642476
2017-05-09,66278.0,3.1963999271392822,107.41595454558355
2017-05-10,67350.0,3.186800003051758,107.4609467923045
2017-05-11,67538.0,3.1656999588012695,107.5059578844779
2017-05-12,68222.0,3.1389999389648438,107.5509878299974
2017-05-15,68474.0,3.1777000427246094,107.59603663675985
2017-05-16,68684.0,3.1082000732421875,107.64110431266552
2017-05-17,67540.0,3.0957999229431152,107.6861908656179
2017-05-18,61597.0,3.1333999633789062,107.73129630352388
2017-05-19,62639.0,3.36899995803833,107.77642063429356
2017-05-22,61673.0,3.2532999515533447,107.82156386584043
2017-05-23,62662.0,3.265399932861328,107.86672600608127
2017-05-24,63257.0,3.2685999870300293,107.91190706293617
2017-05-25,63227.0,3.274199962615967,107.95710704432852
2017-05-26,64085.0,3.2734999656677246,108.00232595818511
2017-05-29,63761.0,3.1777000427246094,108.04756381243594
2017-05-30,63962.0,3.2553999423980713,108.09282061501442
2017-05-31,62711.0,3.256200075149536,108.13809637385721
2017-06-01,62289.0,3.225100040435791,108.17955003172115
2017-06-02,62511.0,3.249000072479248,108.22101958043031
2017-06-05,62450.0,3.2492001056671143,108.26250502607625
2017-06-06,62955.0,3.296099901199341,108.30400637475294
2017-06-07,63171.0,3.2760000228881836,108.34552363255665
2017-06-08,62756.0,3.2672998905181885,108.38705680558596
2017-06-09,62211.0,3.2595999240875244,108.42860589994181
2017-06-12,61700.0,3.1777000427246094,108.47017092172749
2017-06-13,61829.0,3.316699981689453,108.51175187704862
2017-06-14,61923.0,3.3143999576568604,108.55334877201317
2017-06-15,61923.0,3.272599935531616,108.55334877201317
2017-06-16,61626.0,3.2736001014709473,108.59496161273144
2017-06-19,62014.0,3.288599967956543,108.63659040531606
2017-06-20,60766.0,3.281100034713745,108.67823515588202
2017-06-21,60762.0,3.325500011444092,108.71989587054667
2017-06-22,61272.0,3.333400011062622,108.76157255542968
2017-06-23,61087.0,3.3396999835968018,108.80326521665309
2017-06-26,62188.0,3.3415000438690186,108.84497386034124
2017-06-27,61675.0,3.294800043106079,108.88669849262087
2017-06-28,62018.0,3.312000036239624,108.92843911962102
2017-06-29,62239.0,3.2795000076293945,108.97019574747313
2017-06-30,62900.0,3.3027000427246094,109.01196838231095
2017-07-03,63280.0,3.1777000427246094,109.05375703027063
2017-07-04,63232.0,3.30049991607666,109.0955616974906
2017-07-05,63154.0,3.3092000484466553,109.1373823901117
2017-07-06,62470.0,3.2869999408721924,109.17921911427713
2017-07-07,62322.0,3.297300100326538,109.22107187613238
2017-07-10,63025.0,3.1777000427246094,109.26294068182538
2017-07-11,63832.0,3.1777000427246094,109.30482553750636
2017-07-12,64836.0,3.2530999183654785,109.3467264493279
2017-07-13,65178.0,3.2067999839782715,109.38864342344499
2017-07-14,65436.0,3.2100000381469727,109.43057646601493
2017-07-17,65212.0,3.1777000427246094,109.4725255831974
2017-07-18,65338.0,3.1812000274658203,109.51449078115445
2017-07-19,65180.0,3.1526999473571777,109.5564720660505
2017-07-20,64938.0,3.147700071334839,109.5984694440523
2017-07-21,64684.0,3.1184000968933105,109.64048292132898
2017-07-24,65100.0,3.1777000427246094,109.68251250405203
2017-07-25,65668.0,3.144399881362915,109.72455819839533
2017-07-26,65011.0,3.1712000370025635,109.76662001053509
2017-07-27,65277.0,3.137500047683716,109.80472329733935
2017-07-28,65497.0,3.152600049972534,109.84283981093755
2017-07-31,65920.0,3.1777000427246094,109.8809695559211
2017-08-01,66516.0,3.1257998943328857,109.91911253688305
2017-08-02,67136.0,3.12280011177063,109.95726875841798
2017-08-03,66777.0,3.1122000217437744,109.99543822512207
2017-08-04,66898.0,3.1115000247955322,110.03362094159317
2017-08-07,67940.0,3.129300117492676,110.07181691243062
2017-08-08,67899.0,3.1242001056671143,110.11002614223544
2017-08-09,67671.0,3.1259000301361084,110.14824863561019
2017-08-10,66992.0,3.1522998809814453,110.18648439715906
2017-08-11,67359.0,3.1735999584198,110.22473343148785
2017-08-14,68285.0,3.1777000427246094,110.2629957432039
2017-08-15,68355.0,3.1872000694274902,110.30127133691624
2017-08-16,68594.0,3.16759991645813,110.33956021723543
2017-08-17,67977.0,3.151400089263916,110.37786238877362
2017-08-18,68715.0,3.17330002784729,110.41617785614464
2017-08-21,68635.0,3.1777000427246094,110.45450662396384
2017-08-22,70011.0,3.1630001068115234,110.49284869684821
2017-08-23,70478.0,3.1605000495910645,110.53120407941634
2017-08-24,71133.0,3.1393001079559326,110.56957277628842
2017-08-25,71074.0,3.1465001106262207,110.60795479208625
2017-08-28,71017.0,3.1586999893188477,110.64635013143322
2017-08-29,71330.0,3.165800094604492,110.68475879895433
2017-08-30,70886.0,3.1642000675201416,110.72318079927621
2017-08-31,70835.0,3.158799886703491,110.76161613702706
2017-09-01,71923.0,3.1459999084472656,110.80006481683671
2017-09-04,72129.0,3.1777000427246094,110.83852684333657
2017-09-05,72151.0,3.139400005340576,110.8770022211597
2017-09-06,73412.0,3.115799903869629,110.91549095494074
2017-09-07,73412.0,3.097899913787842,110.91549095494074
2017-09-08,73079.0,3.097599983215332,110.94994019727642
2017-09-11,74319.0,3.1777000427246094,110.9844001392023
2017-09-12,74539.0,3.0996999740600586,111.01887078404154
2017-09-13,74788.0,3.1219000816345215,111.05335213511836
2017-09-14,74657.0,3.1315999031066895,111.08784419575801
2017-09-15,75757.0,3.1180999279022217,111.12234696928678
2017-09-18,75990.0,3.1096999645233154,111.15686045903198
2017-09-19,75974.0,3.1349000930786133,111.19138466832194
2017-09-20,76004.0,3.1328001022338867,111.2259196004861
2017-09-21,75604.0,3.1305999755859375,111.26046525885481
2017-09-22,75390.0,3.134500026702881,111.29502164675955
2017-09-25,74443.0,3.123500108718872,111.32958876753283
2017-09-26,74319.0,3.1572999954223633,111.36416662450814
2017-09-27,73797.0,3.1638998985290527,111.39875522102005
2017-09-28,73567.0,3.1919000148773193,111.43335456040415
2017-09-29,74294.0,3.1809000968933105,111.46796464599706
2017-10-02,74360.0,3.1633999347686768,111.50258548113648
2017-10-03,76763.0,3.152899980545044,111.53721706916106
2017-10-04,76591.0,3.1407999992370605,111.57185941341056
2017-10-05,76618.0,3.13319993019104,111.60651251722578
2017-10-06,76055.0,3.152400016784668,111.6411763839485
2017-10-09,75727.0,3.1554999351501465,111.67585101692158
2017-10-10,76897.0,3.186800003051758,111.71053641948893
2017-10-11,76660.0,3.177799940109253,111.74523259499547
2017-10-12,76660.0,3.1696999073028564,111.74523259499547
2017-10-13,76990.0,3.1689999103546143,111.77993954678715
2017-10-16,76892.0,3.146199941635132,111.81465727821099
2017-10-17,76201.0,3.170300006866455,111.84938579261502
2017-10-18,76591.0,3.156100034713745,111.88412509334836
2017-10-19,76283.0,3.170099973678589,111.91887518376109
2017-10-20,76391.0,3.164900064468384,111.95363606720441
2017-10-23,75413.0,3.1909000873565674,111.98840774703052
2017-10-24,76350.0,3.2344000339508057,112.02319022659266
2017-10-25,76671.0,3.2425999641418457,112.05798350924513
2017-10-26,75896.0,3.2311999797821045,112.08969143625893
2017-10-27,75976.0,3.2864999771118164,112.12140833534774
2017-10-30,74800.0,3.234800100326538,112.15313420905031
2017-10-31,74308.0,3.2873001098632812,112.1848690599061
2017-11-01,73824.0,3.2695999145507812,112.21661289045531
2017-11-02,73824.0,3.266200065612793,112.21661289045531
2017-11-03,73915.0,3.2646000385284424,112.24836570323879
2017-11-06,74311.0,3.29259991645813,112.28012750079819
2017-11-07,72415.0,3.2479000091552734,112.31189828567582
2017-11-08,74363.0,3.2701001167297363,112.34367806041475
2017-11-09,72931.0,3.251300096511841,112.37546682755872
2017-11-10,72166.0,3.248699903488159,112.40726458965224
2017-11-13,72475.0,3.276400089263916,112.43907134924054
2017-11-14,70827.0,3.275899887084961,112.47088710886952
2017-11-15,70827.0,3.3118999004364014,112.47088710886952
2017-11-16,72512.0,3.3118999004364014,112.50271187108585
2017-11-17,73437.0,3.2706000804901123,112.5345456384369
2017-11-20,73437.0,3.254499912261963,112.56638841347075
2017-11-21,74595.0,3.253999948501587,112.59824019873624
2017-11-22,74519.0,3.2572999000549316,112.63010099678287
2017-11-23,74487.0,3.222899913787842,112.66197081016094
2017-11-24,74157.0,3.2202999591827393,112.6938496414214
2017-11-27,74059.0,3.2328999042510986,112.72573749311594
2017-11-28,74140.0,3.2263998985290527,112.757634367797
2017-11-29,72700.0,3.209700107574463,112.7895402680177
2017-11-30,71971.0,3.244800090789795,112.82145519633195
2017-12-01,72264.0,3.271199941635132,112.85337915529432
2017-12-04,73090.0,3.2574000358581543,112.88531214746011
2017-12-05,72546.0,3.2425999641418457,112.91725417538537
2017-12-06,73268.0,3.240299940109253,112.94920524162684
2017-12-07,72487.0,3.234299898147583,112.97907352946093
2017-12-08,72732.0,3.2871999740600586,113.00894971566507
2017-12-11,72800.0,3.2878000736236572,113.03883380232789
2017-12-12,73814.0,3.303299903869629,113.06872579153857
2017-12-13,72914.0,3.303100109100342,113.09862568538689
2017-12-14,72429.0,3.3085999488830566,113.12853348596315
2017-12-15,72608.0,3.340399980545044,113.15844919535817
2017-12-18,73115.0,3.2920000553131104,113.18837281566341
2017-12-19,72680.0,3.2904999256134033,113.21830434897078
2017-12-20,73367.0,3.2885000705718994,113.24824379737282
2017-12-21,75133.0,3.2964999675750732,113.2781911629626
2017-12-22,75187.0,3.30679988861084,113.30814644783374
2017-12-25,75187.0,3.3380000591278076,113.30814644783374
2017-12-26,75688.0,3.3355000019073486,113.3381096540804
2017-12-27,76073.0,3.3097000122070312,113.36808078379732
2017-12-28,76402.0,3.3132998943328857,113.3980598390798
2017-12-29,76402.0,3.3111000061035156,113.42804682202366
2018-01-01,76402.0,3.3076000213623047,113.42804682202366
2018-01-02,77891.0,3.311000108718872,113.45804173472527
2018-01-03,77995.0,3.2578001022338867,113.4880445792816
2018-01-04,78647.0,3.2355000972747803,113.51805535779016
2018-01-05,79071.0,3.233099937438965,113.54807407234897
2018-01-08,79379.0,3.226599931716919,113.57810072505667
2018-01-09,78864.0,3.239000082015991,113.60813531801242
2018-01-10,78201.0,3.246799945831299,113.63817785331591
2018-01-11,79365.0,3.2263998985290527,113.66822833306745
2018-01-12,79349.0,3.214200019836426,113.69828675936785
2018-01-15,79752.0,3.200700044631958,113.72835313431848
2018-01-16,79832.0,3.213200092315674,113.75842746002132
2018-01-17,81189.0,3.2227001190185547,113.78850973857885
2018-01-18,80963.0,3.2221999168395996,113.81859997209413
2018-01-19,81220.0,3.2051000595092773,113.84869816267076
2018-01-22,81675.0,3.194700002670288,113.87880431241291
2018-01-23,80678.0,3.200700044631958,113.90891842342528
2018-01-24,83680.0,3.2355000972747803,113.93904049781315
2018-01-25,83680.0,3.1451001167297363,113.9691705376824
2018-01-26,85531.0,3.146899938583374,113.9993085451394
2018-01-29,84698.0,3.1510000228881836,114.02945452229108
2018-01-30,84482.0,3.153599977493286,114.05960847124494
2018-01-31,84913.0,3.179500102996826,114.08977039410908
2018-02-01,85495.0,3.1847000122070312,114.11994029299211
2018-02-02,84041.0,3.1637001037597656,114.15011817000318
2018-02-05,81861.0,3.215399980545044,114.18030402725205
2018-02-06,83894.0,3.2611000537872314,114.21049786684902
2018-02-07,82767.0,3.2334001064300537,114.24069969090493
2018-02-08,81533.0,3.26990008354187,114.26984820543109
2018-02-09,80899.0,3.284600019454956,114.29900415720071
2018-02-12,80899.0,3.290800094604492,114.29900415720071
2018-02-13,80899.0,3.2939999103546143,114.29900415720071
2018-02-14,83543.0,3.2941999435424805,114.32816754811144
2018-02-15,84291.0,3.216200113296509,114.35733838006135
2018-02-16,84525.0,3.2263998985290527,114.38651665494903
2018-02-19,84793.0,3.2281999588012695,114.41570237467356
2018-02-20,85804.0,3.233099937438965,114.44489554113446
2018-02-21,86052.0,3.254300117492676,114.47409615623178
2018-02-22,86686.0,3.2676000595092773,114.50330422186606
2018-02-23,87293.0,3.248699903488159,114.53251973993828
2018-02-26,87653.0,3.2372000217437744,114.56174271234994
2018-02-27,86935.0,3.2225000858306885,114.59097314100299
2018-02-28,85481.0,3.248500108718872,114.62021102779994
2018-03-01,85378.0,3.244800090789795,114.6494563746437
2018-03-02,85761.0,3.25,114.6787091834377
2018-03-05,86023.0,3.2495999336242676,114.70796945608586
2018-03-06,85653.0,3.240999937057495,114.73723719449258
2018-03-07,85484.0,3.2079999446868896,114.76651240056277
2018-03-08,84985.0,3.2428998947143555,114.79579507620178
2018-03-09,86371.0,3.2660999298095703,114.8250852233155
2018-03-12,86900.0,3.2560999393463135,114.85438284381024
2018-03-13,86384.0,3.2602999210357666,114.88368793959285
2018-03-14,86051.0,3.258699893951416,114.91300051257065
2018-03-15,84928.0,3.258500099182129,114.94232056465144
2018-03-16,84886.0,3.282099962234497,114.97164809774351
2018-03-19,83913.0,3.280100107192993,115.00098311375567
2018-03-20,84164.0,3.28410005569458,115.03032561459715
2018-03-21,84977.0,3.3087000846862793,115.05967560217772
2018-03-22,84768.0,3.272700071334839,115.08796072223097
2018-03-23,84377.0,3.3141000270843506,115.11625279561531
2018-03-26,85088.0,3.314500093460083,115.14455182404004
2018-03-27,83808.0,3.31030011177063,115.17285780921493
2018-03-28,83874.0,3.3229000568389893,115.20117075285017
2018-03-29,85366.0,3.3192999362945557,115.22949065665632
2018-03-30,85366.0,3.303499937057495,115.22949065665632
2018-04-02,84666.0,3.302000045776367,115.25781752234445
2018-04-03,84623.0,3.3094000816345215,115.28615135162596
2018-04-04,84360.0,3.339400053024292,115.31449214621273
2018-04-05,85210.0,3.327699899673462,115.34283990781702
2018-04-06,84820.0,3.341599941253662,115.37119463815155
2018-04-09,83307.0,3.367500066757202,115.39955633892944
2018-04-10,84510.0,3.4210000038146973,115.42792501186423
2018-04-11,85246.0,3.4072999954223633,115.45630065866987
2018-04-12,85444.0,3.3731000423431396,115.48468328106078
2018-04-13,84334.0,3.4110000133514404,115.51307288075176
2018-04-16,82862.0,3.424299955368042,115.54146945945803
2018-04-17,84086.0,3.416100025177002,115.56987301889524
2018-04-18,85776.0,3.4058001041412354,115.59828356077946
2018-04-19,85824.0,3.3770999908447266,115.6267010868272
2018-04-20,85550.0,3.382699966430664,115.65512559875538
2018-04-23,85602.0,3.4137001037597656,115.68355709828131
2018-04-24,85469.0,3.448899984359741,115.71199558712277
2018-04-25,85044.0,3.4714999198913574,115.74044106699795
2018-04-26,86383.0,3.4809000492095947,115.76889353962542
2018-04-27,86445.0,3.4742000102996826,115.79735300672426
2018-04-30,86115.0,3.4581000804901123,115.8258194700139
2018-05-01,86115.0,3.5058000087738037,115.8258194700139
2018-05-02,84547.0,3.5060999393463135,115.85429293121419
2018-05-03,83288.0,3.5495998859405518,115.88277339204545
2018-05-04,83118.0,3.526599884033203,115.9112608542284
2018-05-07,82714.0,3.5255000591278076,115.93975531948419
2018-05-08,82956.0,3.5492000579833984,115.96825678953438
2018-05-09,84265.0,3.5618999004364014,115.99676526610094
2018-05-10,85861.0,3.5903000831604004,116.0252807509063
2018-05-11,85220.0,3.549499988555908,116.0538032456733
2018-05-14,85232.0,3.6029000282287598,116.08233275212515
2018-05-15,85130.0,3.6215999126434326,116.11086927198559
2018-05-16,86537.0,3.648699998855591,116.13941280697873
2018-05-17,83622.0,3.6744000911712646,116.16796335882907
2018-05-18,83082.0,3.6951000690460205,116.19652092926157
2018-05-21,81815.0,3.7383999824523926,116.22508552000158
2018-05-22,82739.0,3.6756999492645264,116.25365713277496
2018-05-23,80867.0,3.6459999084472656,116.2822357693079
2018-05-24,80122.0,3.6256000995635986,116.31082143132704
2018-05-25,78898.0,3.648099899291992,116.3394141205595
2018-05-28,75356.0,3.626199960708618,116.36801383873274
2018-05-29,76072.0,3.7342000007629395,116.39662058757469
2018-05-30,76754.0,3.724100112915039,116.42523436881373
2018-05-31,76754.0,3.722100019454956,116.42523436881373
2018-06-01,77240.0,3.7219998836517334,116.45385518417861
2018-06-04,78596.0,3.7616000175476074,116.48248303539852
2018-06-05,76642.0,3.744499921798706,116.5111179242031
2018-06-06,76117.0,3.80430006980896,116.53975985232239
2018-06-07,73851.0,3.843400001525879,116.56840882148687
2018-06-08,72942.0,3.900700092315674,116.59706483342744
2018-06-11,72308.0,3.704900026321411,116.62572788987544
2018-06-12,72754.0,3.7088000774383545,116.6543979925626
2018-06-13,72122.0,3.7149999141693115,116.68307514322109
2018-06-14,71421.0,3.7188000679016113,116.71175934358354
2018-06-15,70758.0,3.803999900817871,116.74045059538297
2018-06-18,69815.0,3.7286999225616455,116.76914890035282
2018-06-19,71394.0,3.7462000846862793,116.79785426022697
2018-06-20,72123.0,3.744999885559082,116.82656667673976
2018-06-21,70075.0,3.7690999507904053,116.8552861516259
2018-06-22,70641.0,3.7651000022888184,116.88401268662054
2018-06-25,70953.0,3.78629994392395,116.91274628345928
2018-06-26,71405.0,3.775099992752075,116.94148694387813
2018-06-27,70609.0,3.795799970626831,116.97023466961353
2018-06-28,71767.0,3.860100030899048,116.99898946240235
2018-06-29,72763.0,3.859499931335449,117.02775132398189
2018-07-02,72840.0,3.8756000995635986,117.05652025608985
2018-07-03,73668.0,3.912600040435791,117.0852962604644
2018-07-04,74743.0,3.8963000774383545,117.1140793388441
2018-07-05,74553.0,3.9110000133514404,117.14286949296795
2018-07-06,75010.0,3.931299924850464,117.1716667245754
2018-07-09,75010.0,3.8659000396728516,117.2004710354063
2018-07-10,74862.0,3.871299982070923,117.22928242720091
2018-07-11,74399.0,3.8150999546051025,117.25810090169999
2018-07-12,75856.0,3.8761000633239746,117.28692646064465
2018-07-13,76594.0,3.88070011138916,117.31575910577645
2018-07-16,76653.0,3.849400043487549,117.34459883883741
2018-07-17,78130.0,3.8559999465942383,117.37344566156995
2018-07-18,77363.0,3.835900068283081,117.40229957571692
2018-07-19,77487.0,3.8492000102996826,117.43116058302161
2018-07-20,78571.0,3.8285000324249268,117.46002868522771
2018-07-23,77996.0,3.7708001136779785,117.4889038840794
2018-07-24,79155.0,3.780400037765503,117.5177861813212
2018-07-25,80218.0,3.7460999488830566,117.54667557869816
2018-07-26,79405.0,3.6863999366760254,117.57557207795566
2018-07-27,79866.0,3.74429988861084,117.60447568083956
2018-07-30,80276.0,3.7111001014709473,117.63338638909617
2018-07-31,79220.0,3.728100061416626,117.66230420447219
2018-08-01,79302.0,3.753000020980835,117.69122912871477
2018-08-02,79637.0,3.746999979019165,117.72016116357148
2018-08-03,81435.0,3.7483999729156494,117.74910031079028
2018-08-06,81051.0,3.7023000717163086,117.77804657211968
2018-08-07,80347.0,3.734499931335449,117.80699994930848
2018-08-08,79152.0,3.750499963760376,117.83596044410601
2018-08-09,78768.0,3.7701001167297363,117.86492805826197
2018-08-10,76514.0,3.7995998859405518,117.89390279352652
2018-08-13,77496.0,3.8654000759124756,117.92288465165024
2018-08-14,78602.0,3.881999969482422,117.95187363438416
2018-08-15,77078.0,3.8643999099731445,117.98086974347967
2018-08-16,76819.0,3.900599956512451,118.0098729806887
2018-08-17,76029.0,3.903899908065796,118.03888334776353
2018-08-20,76328.0,3.9098000526428223,118.06790084645691
2018-08-21,75180.0,3.9660000801086426,118.09692547852197
2018-08-22,76902.0,4.048500061035156,118.12595724571236
2018-08-23,75634.0,4.036900043487549,118.15499614978206
2018-08-24,76262.0,4.112299919128418,118.18404219248555
2018-08-27,77930.0,4.102799892425537,118.21309537557771
2018-08-28,77473.0,4.077499866485596,118.2421557008139
2018-08-29,78389.0,4.133900165557861,118.2712231699498
2018-08-30,76404.0,4.105500221252441,118.30029778474164
2018-08-31,76678.0,4.148600101470947,118.32937954694607
2018-09-03,76193.0,4.053699970245361,118.35846845832008
2018-09-04,74712.0,4.154799938201904,118.38756452062118
2018-09-05,75092.0,4.15369987487793,118.41666773560726
2018-09-06,76416.0,4.143099784851074,118.4457781050367
2018-09-07,76416.0,4.057300090789795,118.4457781050367
2018-09-10,76436.0,4.043799877166748,118.47489563066824
2018-09-11,74657.0,4.08459997177124,118.50402031426113
2018-09-12,75125.0,4.151599884033203,118.53315215757496
2018-09-13,74687.0,4.159800052642822,118.56229116236985
2018-09-14,75429.0,4.204999923706055,118.5914373304063
2018-09-17,76789.0,4.171999931335449,118.62059066344521
2018-09-18,78314.0,4.1321001052856445,118.64975116324798
2018-09-19,78169.0,4.158400058746338,118.67891883157644
2018-09-20,78116.0,4.130300045013428,118.7080936701928
2018-09-21,79444.0,4.076000213623047,118.73727568085972
2018-09-24,77984.0,4.050000190734863,118.76646486534032
2018-09-25,78630.0,4.091300010681152,118.79566122539815
2018-09-26,78656.0,4.073599815368652,118.82486476279719
2018-09-27,80000.0,4.030799865722656,118.85407547930183
2018-09-28,79342.0,4.01200008392334,118.88329337667689
2018-10-01,78624.0,4.052700042724609,118.91256244350623
2018-10-02,81612.0,4.01639986038208,118.94183871637982
2018-10-03,83273.0,3.939500093460083,118.9711221970718
2018-10-04,82953.0,3.900399923324585,119.00041288735672
2018-10-05,82322.0,3.8738999366760254,119.02971078900958
2018-10-08,86084.0,3.8357999324798584,119.05901590380586
2018-10-09,86088.0,3.7771999835968018,119.08832823352138
2018-10-10,83679.0,3.7147998809814453,119.11764777993248
2018-10-11,82921.0,3.7548000812530518,119.1469745448159
2018-10-12,82921.0,3.7815001010894775,119.1469745448159
2018-10-15,83360.0,3.781599998474121,119.17630852994886
2018-10-16,85718.0,3.7339000701904297,119.20564973710894
2018-10-17,85764.0,3.723599910736084,119.23499816807424
2018-10-18,83847.0,3.686199903488159,119.26435382462321
2018-10-19,84220.0,3.7202999591827393,119.29371670853486
2018-10-22,85597.0,3.710900068283081,119.32308682158852
2018-10-23,85300.0,3.682300090789795,119.352464165564
2018-10-24,83064.0,3.6923999786376953,119.38184874224159
2018-10-25,84084.0,3.731100082397461,119.41124055340194
2018-10-26,85720.0,3.704900026321411,119.44063960082619
2018-10-29,83797.0,3.6415998935699463,119.4700458862959
2018-10-30,86886.0,3.7158000469207764,119.49945941159312
2018-10-31,87424.0,3.6946001052856445,119.52888017850027
2018-11-01,88419.0,3.7207000255584717,119.55830818880023
2018-11-02,88419.0,3.6949000358581543,119.55830818880023
2018-11-05,89598.0,3.700000047683716,119.58774344427631
2018-11-06,88669.0,3.724600076675415,119.61718594671231
2018-11-07,87714.0,3.7599000930786133,119.6466356978924
2018-11-08,85620.0,3.7304000854492188,119.67609269960123
2018-11-09,85641.0,3.759200096130371,119.70555695362388
2018-11-12,85525.0,3.7293999195098877,119.73502846174588
2018-11-13,84914.0,3.766400098800659,119.76450722575318
2018-11-14,85973.0,3.8013999462127686,119.79399324743216
2018-11-15,85973.0,3.782399892807007,119.79399324743216
2018-11-16,88515.0,3.782399892807007,119.82348652856969
2018-11-19,87901.0,3.742500066757202,119.85298707095305
2018-11-20,87901.0,3.7544000148773193,119.88249487636993
2018-11-21,87269.0,3.75570011138916,119.91200994660849
2018-11-22,87477.0,3.796099901199341,119.94153228345736
2018-11-23,86230.0,3.803100109100342,119.97106188870556
2018-11-26,85547.0,3.6730000972747803,120.00059876414258
2018-11-27,87891.0,3.93969988822937,120.03014291155831
2018-11-28,89251.0,3.873500108718872,120.05969433274315
2018-11-29,89710.0,3.8492000102996826,120.08925302948788
2018-11-30,89504.0,3.8510000705718994,120.11881900358374
2018-12-03,89820.0,3.8652000427246094,120.14839225682243
2018-12-04,88624.0,3.8408000469207764,120.17797279099607
2018-12-05,89040.0,3.851099967956543,120.20756060789721
2018-12-06,88846.0,3.8673999309539795,120.23715570931887
2018-12-07,88115.0,3.8777999877929688,120.26675809705452
2018-12-10,85915.0,3.9058001041412354,120.29636777289802
2018-12-11,86420.0,3.9166998863220215,120.32598473864373
2018-12-12,86977.0,3.902600049972534,120.35560899608639
2018-12-13,87838.0,3.854099988937378,120.38524054702124
2018-12-14,87450.0,3.890700101852417,120.41487939324394
2018-12-17,86400.0,3.9154999256134033,120.44452553655056
2018-12-18,86610.0,3.897599935531616,120.47417897873767
2018-12-19,85674.0,3.910900115966797,120.50383972160223
2018-12-20,85269.0,3.896199941635132,120.5335077669417
2018-12-21,85697.0,3.838900089263916,120.56318311655392
2018-12-24,85697.0,3.843400001525879,120.59286577223722
2018-12-25,85697.0,3.902600049972534,120.59286577223722
2018-12-26,85136.0,3.9028000831604004,120.62255573579034
2018-12-27,85460.0,3.920599937438965,120.6522530090125
2018-12-28,87887.0,3.871500015258789,120.68195759370333
2018-12-31,87887.0,3.8742001056671143,120.7116694916629
2019-01-01,87887.0,3.880000114440918,120.7116694916629
2019-01-02,91012.0,3.8798999786376953,120.74138870469176
2019-01-03,91564.0,3.78629994392395,120.77111523459085
2019-01-04,91841.0,3.7551000118255615,120.80084908316162
2019-01-07,91699.0,3.6612000465393066,120.83059025220591
2019-01-08,92032.0,3.734100103378296,120.86033874352601
2019-01-09,93613.0,3.712399959564209,120.89009455892467
2019-01-10,93806.0,3.680000066757202,120.9198577002051
2019-01-11,93658.0,3.707900047302246,120.9496281691709
2019-01-14,94474.0,3.659600019454956,120.97940596762615
2019-01-15,94056.0,3.697499990463257,121.0091910973754
2019-01-16,94393.0,3.716399908065796,121.03898356022358
2019-01-17,95351.0,3.734299898147583,121.0687833579761
2019-01-18,96097.0,3.7488999366760254,121.09859049243884
2019-01-21,96010.0,3.750200033187866,121.1284049654181
2019-01-22,95103.0,3.7513999938964844,121.15822677872059
2019-01-23,96558.0,3.812000036239624,121.18805593415351
2019-01-24,97677.0,3.7623000144958496,121.21789243352453
2019-01-25,97677.0,3.7697999477386475,121.24773627864167
2019-01-28,95444.0,3.7695999145507812,121.27758747131348
2019-01-29,95639.0,3.7595999240875244,121.30744601334894
2019-01-30,96996.0,3.7184998989105225,121.33731190655743
2019-01-31,97394.0,3.6814000606536865,121.36718515274885
2019-02-01,97861.0,3.6428000926971436,121.39706575373346
2019-02-04,98589.0,3.6572999954223633,121.42695371132204
2019-02-05,98311.0,3.6670000553131104,121.45684902732579
2019-02-06,94636.0,3.668299913406372,121.48675170355632
2019-02-07,94406.0,3.694700002670288,121.51666174182574
2019-02-08,95343.0,3.714900016784668,121.54657914394657
2019-02-11,94413.0,3.728600025177002,121.57650391173182
2019-02-12,96168.0,3.755199909210205,121.6064360469949
2019-02-13,95842.0,3.7079999446868896,121.63637555154969
2019-02-14,98015.0,3.753200054168701,121.66632242721049
2019-02-15,97526.0,3.7219998836517334,121.69627667579208
2019-02-18,96510.0,3.6468000411987305,121.72623829910967
2019-02-19,97659.0,3.7316999435424805,121.75620729897891
2019-02-20,96545.0,3.7219998836517334,121.78618367721594
2019-02-21,96932.0,3.7239999771118164,121.81616743563728
2019-02-22,97886.0,3.7664999961853027,121.84615857605993
2019-02-25,97240.0,3.746299982070923,121.87615710030137
2019-02-26,97603.0,3.7504000663757324,121.90616301017947
2019-02-27,97307.0,3.7471001148223877,121.9361763075126
2019-02-28,95584.0,3.727299928665161,121.9661969941195
2019-03-01,94604.0,3.747499942779541,121.99622507181947
2019-03-04,94604.0,3.721400022506714,121.99622507181947
2019-03-05,94604.0,3.7741000652313232,121.99622507181947
2019-03-06,94217.0,3.774399995803833,122.02626054243215
2019-03-07,94340.0,3.8368000984191895,122.0563034077777
2019-03-08,95365.0,3.86929988861084,122.08635366967671
2019-03-11,98027.0,3.8134000301361084,122.1164113299502
2019-03-12,97828.0,3.8373000621795654,122.14647639041965
2019-03-13,98904.0,3.8115999698638916,122.17654885290699
2019-03-14,98605.0,3.8132998943328857,122.20662871923457
2019-03-15,99137.0,3.8405001163482666,122.23671599122525
2019-03-18,99994.0,3.812999963760376,122.26681067070231
2019-03-19,99588.0,3.7899999618530273,122.29691275948944
2019-03-20,98041.0,3.7876999378204346,122.32702225941084
2019-03-21,96729.0,3.774199962615967,122.35713917229111
2019-03-22,93735.0,3.7909998893737793,122.38726349995534
2019-03-25,93662.0,3.9059998989105225,122.41739524422906
2019-03-26,95307.0,3.853600025177002,122.44753440693819
2019-03-27,91903.0,3.875,122.47768098990919
2019-03-28,94389.0,3.9881999492645264,122.50783499496892
2019-03-29,95415.0,3.897700071334839,122.53799642394468
2019-04-01,96054.0,3.922499895095825,122.56816527866425
2019-04-02,95387.0,3.8485000133514404,122.59834156095589
2019-04-03,94491.0,3.852299928665161,122.6285252726482
2019-04-04,96313.0,3.868299961090088,122.65871641557034
2019-04-05,97108.0,3.8559000492095947,122.68891499155185
2019-04-08,97369.0,3.874000072479248,122.7191210024228
2019-04-09,96292.0,3.8482000827789307,122.74933445001359
2019-04-10,95953.0,3.8480000495910645,122.77955533615518
2019-04-11,94755.0,3.8239998817443848,122.80978366267897
2019-04-12,92875.0,3.855799913406372,122.84001943141672
2019-04-15,93083.0,3.8803000450134277,122.87026264420074
2019-04-16,94333.0,3.8703999519348145,122.90051330286376
2019-04-17,93285.0,3.9038000106811523,122.93077140923894
2019-04-18,94578.0,3.9367001056671143,122.96103696515989
2019-04-19,94578.0,3.9267001152038574,122.96103696515989
2019-04-22,94588.0,3.934499979019165,122.99130997246073
2019-04-23,95923.0,3.9340999126434326,123.02159043297596
2019-04-24,95045.0,3.918299913406372,123.05187834854057
2019-04-25,96552.0,3.9895999431610107,123.08217372099
2019-04-26,96236.0,3.952699899673462,123.1124765521601
2019-04-29,96188.0,3.9291999340057373,123.14278684388727
2019-04-30,96353.0,3.9442999362945557,123.17310459800824
2019-05-01,96353.0,3.9168999195098877,123.17310459800824
2019-05-02,95528.0,3.919300079345703,123.20342981636028
2019-05-03,96008.0,3.966200113296509,123.23376250078108
2019-05-06,95009.0,3.9365999698638916,123.2641026531088
2019-05-07,94389.0,3.9681999683380127,123.294450275182
2019-05-08,95597.0,3.9686999320983887,123.32480536883976
2019-05-09,94808.0,3.926300048828125,123.35516793592159
2019-05-10,94258.0,3.9453999996185303,123.38553797826741
2019-05-13,91727.0,3.959700107574463,123.41591549771766
2019-05-14,92092.0,3.990499973297119,123.44630049611321
2019-05-15,91623.0,3.975100040435791,123.47669297529535
2019-05-16,90024.0,3.9999001026153564,123.5070929371059
2019-05-17,89993.0,4.046199798583984,123.53750038338703
2019-05-20,91946.0,4.097400188446045,123.56791531598141
2019-05-21,94485.0,4.094900131225586,123.5983377367322
2019-05-22,94361.0,4.094900131225586,123.628767647483
2019-05-23,93910.0,4.036799907684326,123.65920505007783
2019-05-24,93628.0,4.038700103759766,123.68964994636119
2019-05-27,94864.0,4.021200180053711,123.72010233817798
2019-05-28,96393.0,4.042099952697754,123.75056222737366
2019-05-29,96567.0,4.023600101470947,123.78102961579404
2019-05-30,97457.0,3.973400115966797,123.81150450528547
2019-05-31,97030.0,3.9800000190734863,123.84198689769468
2019-06-03,97020.0,3.9242000579833984,123.8724767948689
2019-06-04,97380.0,3.8840999603271484,123.90297419865581
2019-06-05,95999.0,3.853600025177002,123.93347911090353
2019-06-06,97205.0,3.8794000148773193,123.96399153346064
2019-06-07,97821.0,3.8784000873565674,123.9945114681762
2019-06-10,97467.0,3.876499891281128,124.02503891689966
2019-06-11,98960.0,3.884500026702881,124.05557388148101
2019-06-12,98321.0,3.85509991645813,124.08611636377064
2019-06-13,98774.0,3.8659000396728516,124.11666636561942
2019-06-14,98040.0,3.8482000827789307,124.14722388887864
2019-06-17,97623.0,3.8945000171661377,124.1777889354001
2019-06-18,99404.0,3.88700008392334,124.208361507036
2019-06-19,100303.0,3.859499931335449,124.23894160563904
2019-06-20,100303.0,3.835400104522705,124.23894160563904
2019-06-21,102013.0,3.8376998901367188,124.26952923306236
2019-06-24,102062.0,3.820499897003174,124.30012439115954
2019-06-25,100093.0,3.8255999088287354,124.33072708178466
2019-06-26,100689.0,3.8454999923706055,124.3613373067922
2019-06-27,100724.0,3.842900037765503,124.39195506803713
2019-06-28,100967.0,3.815999984741211,124.4225803673749
2019-07-01,101340.0,3.8494999408721924,124.45321320666136
2019-07-02,100605.0,3.839600086212158,124.48385358775285
2019-07-03,102043.0,3.843899965286255,124.51450151250616
2019-07-04,103636.0,3.825000047683716,124.54515698277855
2019-07-05,104089.0,3.800800085067749,124.57582000042773
2019-07-08,104530.0,3.8190999031066895,124.60649056731184
2019-07-09,104530.0,3.799099922180176,124.63716868528951
2019-07-10,105817.0,3.7990000247955322,124.66785435621983
2019-07-11,105146.0,3.7502999305725098,124.69854758196234
2019-07-12,103906.0,3.7548000812530518,124.72924836437704
2019-07-15,103803.0,3.7344000339508057,124.75995670532436
2019-07-16,103775.0,3.753700017929077,124.79067260666523
2019-07-17,103856.0,3.767199993133545,124.82139607026099
2019-07-18,104717.0,3.7618000507354736,124.85212709797351
2019-07-19,103452.0,3.717400074005127,124.88286569166505
2019-07-22,103949.0,3.7458999156951904,124.91361185319833
2019-07-23,103704.0,3.739799976348877,124.9443655844366
2019-07-24,104120.0,3.77239990234375,124.9751268872435
2019-07-25,102655.0,3.7713000774383545,125.00589576348315
2019-07-26,102819.0,3.7751998901367188,125.03667221502013
2019-07-29,103483.0,3.7734999656677246,125.06745624371946
2019-07-30,102933.0,3.780100107192993,125.09824785144667
2019-07-31,101812.0,3.789299964904785,125.1290470400677
2019-08-01,102126.0,3.8117001056671143,125.1575151495598
2019-08-02,102674.0,3.8373000621795654,125.18598973583146
2019-08-05,100098.0,3.8838999271392822,125.21447080035625
2019-08-06,102164.0,3.973099946975708,125.24295834460804
2019-08-07,102782.0,3.958699941635132,125.27145237006101
2019-08-08,104115.0,3.967400074005127,125.29995287818971
2019-08-09,103996.0,3.91759991645813,125.32845987046903
2019-08-12,101915.0,3.940200090408325,125.35697334837417
2019-08-13,103299.0,3.9839000701904297,125.38549331338065
2019-08-14,100258.0,3.962399959564209,125.41401976696437
2019-08-15,99057.0,4.050300121307373,125.44255271060156
2019-08-16,99806.0,3.9900999069213867,125.47109214576875
2019-08-19,99469.0,4.0046000480651855,125.49963807394282
2019-08-20,99222.0,4.073200225830078,125.52819049660103
2019-08-21,101202.0,4.051700115203857,125.5567494152209
2019-08-22,100011.0,4.02400016784668,125.58531483128034
2019-08-23,97667.0,4.067999839782715,125.61388674625762
2019-08-26,96430.0,4.126200199127197,125.64246516163126
2019-08-27,97276.0,4.151500225067139,125.6710500788802
2019-08-28,98194.0,4.122799873352051,125.69964149948365
2019-08-29,100524.0,4.167699813842773,125.7282394249212
2019-08-30,101135.0,4.168099880218506,125.75684385667276
2019-09-02,100626.0,4.143899917602539,125.78545479621859
2019-09-03,99681.0,4.1844000816345215,125.81407224503927
2019-09-04,101201.0,4.16510009765625,125.84269620461572
2019-09-05,102243.0,4.093200206756592,125.87132667642923
2019-09-06,102935.0,4.105999946594238,125.8999636619614
2019-09-09,103181.0,4.061299800872803,125.92860716269412
2019-09-10,103032.0,4.093400001525879,125.9572571801097
2019-09-11,103446.0,4.079500198364258,125.98591371569074
2019-09-12,104371.0,4.064199924468994,126.0145767709202
2019-09-13,103501.0,4.058899879455566,126.04324634728134
2019-09-16,103680.0,4.0854997634887695,126.07192244625782
2019-09-17,104617.0,4.0792999267578125,126.10060506933355
2019-09-18,104532.0,4.076000213623047,126.12929421799288
2019-09-19,104339.0,4.1072998046875,126.15561992428206
2019-09-20,104817.0,4.166600227355957,126.18195112527266
2019-09-23,104638.0,4.1483001708984375,126.20828782211153
2019-09-24,103876.0,4.161499977111816,126.23463001594577
2019-09-25,104481.0,4.1616997718811035,126.2609777079227
2019-09-26,105319.0,4.14709997177124,126.28733089918991
2019-09-27,105078.0,4.1691999435424805,126.3136895908952
2019-09-30,104745.0,4.157100200653076,126.34005378418662
2019-10-01,104053.0,4.154799938201904,126.36642348021248
2019-10-02,101031.0,4.154600143432617,126.39279868012127
2019-10-03,101516.0,4.1244001388549805,126.4191793850618
2019-10-04,102551.0,4.082900047302246,126.44556559618306
2019-10-07,100573.0,4.054599761962891,126.4719573146343
2019-10-08,99981.0,4.105100154876709,126.49835454156502
2019-10-09,101249.0,4.09089994430542,126.52475727812494
2019-10-10,101817.0,4.10830020904541,126.55116552546404
2019-10-11,103832.0,4.108399868011475,126.57757928473252
2019-10-14,104302.0,4.108500003814697,126.60399855708084
2019-10-15,104490.0,4.123700141906738,126.63042334365969
2019-10-16,105423.0,4.178599834442139,126.65685364561998
2019-10-17,105016.0,4.148600101470947,126.68328946411289
2019-10-18,104729.0,4.161099910736084,126.70973080028985
2019-10-21,106022.0,4.111100196838379,126.7361776553025
2019-10-22,107381.0,4.1247639656066895,126.76263003030273
2019-10-23,107544.0,4.078400135040283,126.78908792644266
2019-10-24,106986.0,4.033100128173828,126.81555134487468
2019-10-25,107364.0,4.039299964904785,126.84202028675138
2019-10-28,108187.0,4.002900123596191,126.86849475322563
2019-10-29,107556.0,3.988800048828125,126.89497474545053
2019-10-30,108408.0,3.9967000484466553,126.9214602645794
2019-10-31,107220.0,3.9862000942230225,126.94555630381062
2019-11-01,108196.0,4.015999794006348,126.96965691767488
2019-11-04,108601.0,3.9893999099731445,126.9937621070407
2019-11-05,108451.0,4.010799884796143,127.01787187277671
2019-11-06,108336.0,3.992000102996826,127.04198621575176
2019-11-07,109581.0,4.082300186157227,127.0661051368348
2019-11-08,107629.0,4.0995001792907715,127.09022863689503
2019-11-11,108215.0,4.133399963378906,127.11435671680174
2019-11-12,106785.0,4.151299953460693,127.1384893774244
2019-11-13,105914.0,4.167900085449219,127.16262661963269
2019-11-14,106557.0,4.168600082397461,127.18676844429642
2019-11-15,106557.0,4.194300174713135,127.18676844429642
2019-11-18,106347.0,4.194799900054932,127.21091485228555
2019-11-19,105618.0,4.216400146484375,127.23506584447024
2019-11-20,105618.0,4.191699981689453,127.25922142172081
2019-11-21,107497.0,4.195000171661377,127.28338158490773
2019-11-22,108692.0,4.191699981689453,127.30754633490162
2019-11-25,108424.0,4.195000171661377,127.33171567257328
2019-11-26,107059.0,4.225399971008301,127.35588959879371
2019-11-27,107708.0,4.231800079345703,127.38006811443402
2019-11-28,108290.0,4.262700080871582,127.40425122036554
2019-11-29,108233.0,4.188000202178955,127.42843891745972
2019-12-02,109061.0,4.236100196838379,127.45263120658818
2019-12-03,108956.0,4.222300052642822,127.47682808862275
2019-12-04,110301.0,4.203999996185303,127.50102956443537
2019-12-05,110622.0,4.206099987030029,127.52523563489817
2019-12-06,111126.0,4.184599876403809,127.54944630088345
2019-12-09,110977.0,4.118899822235107,127.57366156326367
2019-12-10,110672.0,4.14109992980957,127.59788142291144
2019-12-11,110964.0,4.144599914550781,127.62210588069958
2019-12-12,112200.0,4.123700141906738,127.64391522237352
2019-12-13,112565.0,4.087247848510742,127.66572829104588
2019-12-16,111896.0,4.0858001708984375,127.68754508735351
2019-12-17,112616.0,4.0619001388549805,127.70936561193349
2019-12-18,114315.0,4.070199966430664,127.7311898654229
2019-12-19,115131.0,4.059662818908691,127.75301784845901
2019-12-20,115121.0,4.06879997253418,127.77484956167913
2019-12-23,115863.0,4.079899787902832,127.79668500572072
2019-12-24,115863.0,4.081999778747559,127.81852418122135
2019-12-25,115863.0,4.082799911499023,127.81852418122135
2019-12-26,117203.0,4.083000183105469,127.84036708881868
2019-12-27,116534.0,4.054699897766113,127.86221372915048
2019-12-30,115964.0,4.022299766540527,127.88406410285464
2019-12-31,115964.0,4.015710830688477,127.90591821056918
2020-01-01,115964.0,4.016786098480225,127.90591821056918
2020-01-02,118573.0,4.016300201416016,127.92777605293217
2020-01-03,117707.0,4.023399829864502,127.94963763058185
2020-01-06,116878.0,4.057000160217285,127.97150294415654
2020-01-07,116662.0,4.060400009155273,127.99337199429466
2020-01-08,116247.0,4.066199779510498,128.01524478163475
2020-01-09,115947.0,4.06279993057251,128.0371213068155
2020-01-10,115503.0,4.092100143432617,128.05900157047557
2020-01-13,117325.0,4.070499897003174,128.08088557325394
2020-01-14,117632.0,4.1458001136779785,128.10277331578953
2020-01-15,116414.0,4.13129997253418,128.12466479872145
2020-01-16,116704.0,4.174200057983398,128.1465600226889
2020-01-17,118478.0,4.183599948883057,128.16845898833117
2020-01-20,118862.0,4.161600112915039,128.19036169628768
2020-01-21,117026.0,4.188499927520752,128.21226814719796
2020-01-22,118391.0,4.210899829864502,128.2341783417016
2020-01-23,119528.0,4.181300163269043,128.25609228043842
2020-01-24,118376.0,4.169099807739258,128.2780099640482
2020-01-27,114482.0,4.1595001220703125,128.29993139317097
2020-01-28,116479.0,4.206099987030029,128.32185656844672
2020-01-29,115385.0,4.193399906158447,128.3437854905157
2020-01-30,115528.0,4.228899955749512,128.36571816001816
2020-01-31,113761.0,4.242199897766113,128.3876545775945
2020-02-03,114629.0,4.282599925994873,128.40959474388526
2020-02-04,115557.0,4.246799945831299,128.43153865953104
2020-02-05,116028.0,4.253699779510498,128.45348632517258
2020-02-06,115190.0,4.23360013961792,128.47421486426086
2020-02-07,113770.0,4.280799865722656,128.4949467483135
2020-02-10,112570.0,4.320400238037109,128.51568197787032
2020-02-11,115371.0,4.320974826812744,128.5364205534711
2020-02-12,116674.0,4.327530860900879,128.55716247565582
2020-02-13,115662.0,4.354499816894531,128.5779077449645
2020-02-14,114381.0,4.346766948699951,128.59865636193732
2020-02-17,115309.0,4.296999931335449,128.61940832711446
2020-02-18,114977.0,4.326499938964844,128.6401636410362
2020-02-19,116518.0,4.354800224304199,128.66092230424297
2020-02-20,114586.0,4.363999843597412,128.68168431727523
2020-02-21,113681.0,4.392300128936768,128.7024496806735
2020-02-24,113681.0,4.389800071716309,128.7024496806735
2020-02-25,113681.0,4.386600017547607,128.7024496806735
2020-02-26,105718.0,4.3867998123168945,128.7232183949785
2020-02-27,102984.0,4.449100017547607,128.74399046073088
2020-02-28,104172.0,4.484799861907959,128.76476587847154
2020-03-02,106625.0,4.441299915313721,128.78554464874136
2020-03-03,105537.0,4.472400188446045,128.80632677208135
2020-03-04,107224.0,4.513199806213379,128.82711224903255
2020-03-05,102233.0,4.583399772644043,128.84790108013618
2020-03-06,97997.0,4.606200218200684,128.8686932659335
2020-03-09,86067.0,4.589799880981445,128.88948880696586
2020-03-10,92214.0,4.722899913787842,128.91028770377463
2020-03-11,85171.0,4.642099857330322,128.93108995690142
2020-03-12,72583.0,4.813799858093262,128.95189556688774
2020-03-13,82678.0,4.790200233459473,128.97270453427538
2020-03-16,71168.0,4.85260009765625,128.9935168596061
2020-03-17,74617.0,4.999000072479248,129.01433254342174
2020-03-18,66895.0,5.009699821472168,129.03515158626428
2020-03-19,68332.0,5.103961944580078,129.05350941728045
2020-03-20,67069.0,5.094200134277344,129.07186986006528
2020-03-23,63570.0,5.045499801635742,129.09023291499025
2020-03-24,69729.0,5.14169979095459,129.10859858242708
2020-03-25,74956.0,5.098100185394287,129.1269668627474
2020-03-26,77710.0,5.033699989318848,129.145337756323
2020-03-27,73429.0,5.022600173950195,129.16371126352558
2020-03-30,74640.0,5.104629039764404,129.18208738472703
2020-03-31,73020.0,5.192699909210205,129.20046612029924
2020-04-01,70967.0,5.203499794006348,129.21884747061418
2020-04-02,72253.0,5.248199939727783,129.23723143604383
2020-04-03,69538.0,5.255300045013428,129.25561801696023
2020-04-06,74073.0,5.348499774932861,129.2740072137355
2020-04-07,76358.0,5.285299777984619,129.29239902674178
2020-04-08,78625.0,5.221700191497803,129.31079345635132
2020-04-09,77682.0,5.123499870300293,129.32919050293637
2020-04-10,77682.0,5.105800151824951,129.32919050293637
2020-04-13,78836.0,5.105500221252441,129.3475901668692
2020-04-14,79918.0,5.198500156402588,129.36599244852226
2020-04-15,78831.0,5.1620001792907715,129.3843973482679
2020-04-16,77812.0,5.236999988555908,129.40280486647865
2020-04-17,78990.0,5.230899810791016,129.42121500352698
2020-04-20,78973.0,5.232699871063232,129.43962775978554
2020-04-21,78973.0,5.315400123596191,129.43962775978554
2020-04-22,80687.0,5.315000057220459,129.45804313562692
2020-04-23,79673.0,5.456900119781494,129.47646113142383
2020-04-24,75331.0,5.533100128173828,129.494881747549
2020-04-27,78239.0,5.5725998878479,129.51330498437522
2020-04-28,81312.0,5.652599811553955,129.53173084227535
2020-04-29,83171.0,5.497399806976318,129.55015932162226
2020-04-30,80506.0,5.334799766540527,129.56859042278893
2020-05-01,80506.0,5.486000061035156,129.56859042278893
2020-05-04,78876.0,5.4770002365112305,129.5870241461484
2020-05-05,79471.0,5.540599822998047,129.60546049207366
2020-05-06,79064.0,5.578100204467773,129.62389946093788
2020-05-07,78119.0,5.715199947357178,129.6386052923317
2020-05-08,80263.0,5.828719139099121,129.65331279210213
2020-05-11,79065.0,5.4770002365112305,129.66802196043838
2020-05-12,77872.0,5.8171000480651855,129.6827327975298
2020-05-13,77772.0,5.884799957275391,129.69744530356567
2020-05-14,79011.0,5.88640022277832,129.71215947873537
2020-05-15,77557.0,5.8094000816345215,129.72687532322823
2020-05-18,81194.0,5.855199813842773,129.74159283723367
2020-05-19,80742.0,5.718999862670898,129.756312020941
2020-05-20,81319.0,5.755199909210205,129.7710328745398
2020-05-21,83027.0,5.690499782562256,129.7857553982194
2020-05-22,82173.0,5.5524001121521,129.80047959216932
2020-05-25,85663.0,5.52869987487793,129.81520545657906
2020-05-26,85469.0,5.443399906158447,129.82993299163812
2020-05-27,87946.0,5.343999862670898,129.844662197536
2020-05-28,86949.0,5.27269983291626,129.8593930744623
2020-05-29,87403.0,5.403600215911865,129.8741256226066
2020-06-01,88620.0,5.334799766540527,129.88885984215847
2020-06-02,91046.0,5.366499900817871,129.90359573330755
2020-06-03,93002.0,5.1992998123168945,129.9183332962435
2020-06-04,93829.0,5.061600208282471,129.93307253115597
2020-06-05,94637.0,5.117199897766113,129.94781343823462
2020-06-08,97645.0,4.959499835968018,129.9625560176692
2020-06-09,96747.0,4.821599960327148,129.9773002696494
2020-06-10,94686.0,4.898399829864502,129.99204619436495
2020-06-11,94686.0,4.9721999168396,129.99204619436495
2020-06-12,92795.0,4.974999904632568,130.0067937920057
2020-06-15,92376.0,5.047800064086914,130.0215430627614
2020-06-16,93531.0,5.153206825256348,130.03629400682186
2020-06-17,95547.0,5.243599891662598,130.0510466243769
2020-06-18,96125.0,5.22790002822876,130.06202553373296
2020-06-19,96572.0,5.377200126647949,130.07300536992855
2020-06-22,95336.0,5.309999942779541,130.0839861330419
2020-06-23,95975.0,5.2519001960754395,130.09496782315125
2020-06-24,94377.0,5.151000022888184,130.10595044033488
2020-06-25,95983.0,5.34660005569458,130.11693398467105
2020-06-26,93834.0,5.359499931335449,130.12791845623806
2020-06-29,95735.0,5.480899810791016,130.13890385511417
2020-06-30,95056.0,5.402100086212158,130.1498901813776
2020-07-01,96203.0,5.461699962615967,130.16087743510673
2020-07-02,96235.0,5.316199779510498,130.17186561637982
2020-07-03,96765.0,5.35890007019043,130.18285472527515
2020-07-06,98937.0,5.311399936676025,130.19384476187108
2020-07-07,97761.0,5.354300022125244,130.20483572624588
2020-07-08,99770.0,5.377799987792969,130.2158276184779
2020-07-09,99160.0,5.342599868774414,130.22682043864546
2020-07-10,100032.0,5.337800025939941,130.23781418682688
2020-07-13,98697.0,5.326900005340576,130.24880886310055
2020-07-14,100440.0,5.401500225067139,130.2598044675448
2020-07-15,101791.0,5.366799831390381,130.27080100023795
2020-07-16,100553.0,5.366948127746582,130.2817984612584
2020-07-17,102888.0,5.330699920654297,130.2927968506845
2020-07-20,104426.0,5.385300159454346,130.30379616859466
2020-07-21,104310.0,5.327700138092041,130.31479641506724
2020-07-22,104290.0,5.1697998046875,130.3257975901806
2020-07-23,102293.0,5.118100166320801,130.33679969401317
2020-07-24,102382.0,5.210599899291992,130.34780272664335
2020-07-27,104477.0,5.229100227355957,130.35880668814954
2020-07-28,104109.0,5.141421794891357,130.36981157861015
2020-07-29,105605.0,5.152299880981445,130.38081739810363
2020-07-30,105009.0,5.168799877166748,130.39182414670842
2020-07-31,102912.0,5.153900146484375,130.40283182450287
2020-08-03,102830.0,5.221199989318848,130.41384043156552
2020-08-04,101216.0,5.318699836730957,130.42484996797475
2020-08-05,102802.0,5.290200233459473,130.43586043380907
2020-08-06,104126.0,5.290900230407715,130.44560268822488
2020-08-07,102776.0,5.331299781799316,130.45534567028966
2020-08-10,103444.0,5.43720006942749,130.46508938005775
2020-08-11,102174.0,5.480500221252441,130.47483381758354
2020-08-12,102118.0,5.38040018081665,130.48457898292136
2020-08-13,100461.0,5.434999942779541,130.49432487612557
2020-08-14,101353.0,5.367000102996826,130.50407149725055
2020-08-17,99595.0,5.42080020904541,130.5138188463507
2020-08-18,102065.0,5.508299827575684,130.52356692348033
2020-08-19,100854.0,5.465400218963623,130.53331572869385
2020-08-20,101468.0,5.556399822235107,130.54306526204562
2020-08-21,101521.0,5.5559000968933105,130.55281552359003
2020-08-24,102298.0,5.618599891662598,130.56256651338148
2020-08-25,102118.0,5.610599994659424,130.57231823147438
2020-08-26,100627.0,5.507400035858154,130.58207067792307
2020-08-27,100624.0,5.6072001457214355,130.591823852782
2020-08-28,102143.0,5.568699836730957,130.60157775610554
2020-08-31,99369.0,5.389999866485596,130.61133238794812
2020-09-01,102168.0,5.490900039672852,130.62108774836418
2020-09-02,101911.0,5.397299766540527,130.6308438374081
2020-09-03,100721.0,5.338699817657471,130.6406006551343
2020-09-04,101242.0,5.289899826049805,130.65035820159724
2020-09-07,101242.0,5.301000118255615,130.65035820159724
2020-09-08,100050.0,5.298299789428711,130.66011647685133
2020-09-09,101292.0,5.360599994659424,130.66987548095096
2020-09-10,98835.0,5.308499813079834,130.67963521395063
2020-09-11,98363.0,5.320499897003174,130.68939567590473
2020-09-14,100275.0,5.316199779510498,130.69915686686778
2020-09-15,100298.0,5.2683000564575195,130.70891878689415
2020-09-16,99676.0,5.2743000984191895,130.71868143603834
2020-09-17,100098.0,5.236000061035156,130.72844481435476
2020-09-18,98290.0,5.237800121307373,130.73820892189795
2020-09-21,96991.0,5.389800071716309,130.74797375872234
2020-09-22,97294.0,5.412600040435791,130.75773932488238
2020-09-23,95735.0,5.469900131225586,130.76750562043253
2020-09-24,97012.0,5.592400074005127,130.7772726454273
2020-09-25,96999.0,5.508399963378906,130.78704039992118
2020-09-28,94666.0,5.561100006103516,130.79680888396865
2020-09-29,93580.0,5.660200119018555,130.8065780976242
2020-09-30,94603.0,5.630499839782715,130.81634804094227
2020-10-01,95479.0,5.608399868011475,130.82611871397745
2020-10-02,94016.0,5.642000198364258,130.83589011678419
2020-10-05,96089.0,5.681600093841553,130.84566224941702
2020-10-06,95615.0,5.573400020599365,130.8554351119304
2020-10-07,95526.0,5.593800067901611,130.8652087043789
2020-10-08,97920.0,5.611299991607666,130.874983026817
2020-10-09,97483.0,5.598599910736084,130.8847580792993
2020-10-12,97483.0,5.5289998054504395,130.8847580792993
2020-10-13,98503.0,5.529699802398682,130.8945338618802
2020-10-14,99334.0,5.56850004196167,130.90431037461434
2020-10-15,99054.0,5.5904998779296875,130.91408761755622
2020-10-16,98309.0,5.611199855804443,130.92386559076036
2020-10-19,98658.0,5.644800186157227,130.93364429428132
2020-10-20,100540.0,5.605599880218506,130.94342372817366
2020-10-21,100552.0,5.6041998863220215,130.9532038924919
2020-10-22,101918.0,5.607800006866455,130.96298478729062
2020-10-23,101260.0,5.591300010681152,130.9727664126244
2020-10-26,101017.0,5.616199970245361,130.98254876854773
2020-10-27,99606.0,5.622700214385986,130.99233185511525
2020-10-28,95369.0,5.7052001953125,131.00211567238148
2020-10-29,96582.0,5.744900226593018,131.01190022040106
2020-10-30,93952.0,5.7778000831604,131.0216854992285
2020-11-02,93952.0,5.741399765014648,131.0216854992285
2020-11-03,95587.0,5.741099834442139,131.03147150891843
2020-11-04,97811.0,5.754899978637695,131.0412582495254
2020-11-05,100774.0,5.663000106811523,131.05104572110406
2020-11-06,100799.0,5.523399829864502,131.06083392370897
2020-11-09,103913.0,5.36269998550415,131.07062285739474
2020-11-10,105351.0,5.384699821472168,131.08041252221594
2020-11-11,104532.0,5.413899898529053,131.09020291822722
2020-11-12,102175.0,5.389999866485596,131.09999404548316
2020-11-13,104512.0,5.456699848175049,131.1097859040384
2020-11-16,106430.0,5.456999778747559,131.11957849394759
2020-11-17,107229.0,5.414899826049805,131.12937181526527
2020-11-18,106483.0,5.327199935913086,131.13916586804615
2020-11-19,106517.0,5.361700057983398,131.14896065234484
2020-11-20,106517.0,5.304500102996826,131.15875616821594
2020-11-23,107379.0,5.3780999183654785,131.16855241571415
2020-11-24,109786.0,5.4405999183654785,131.17834939489404
2020-11-25,110133.0,5.372600078582764,131.18814710581034
2020-11-26,110227.0,5.3225998878479,131.19794554851768
2020-11-27,110575.0,5.335299968719482,131.20774472307068
2020-11-30,108888.0,5.34250020980835,131.21754462952404
2020-12-01,111335.0,5.331099987030029,131.2273452679324
2020-12-02,111814.0,5.204899787902832,131.23714663835045
2020-12-03,112919.0,5.216300010681152,131.24694874083286
2020-12-04,113682.0,5.151000022888184,131.2567515754343
2020-12-07,113625.0,5.154399871826172,131.26655514220946
2020-12-08,113571.0,5.098299980163574,131.27635944121303
2020-12-09,112722.0,5.119699954986572,131.28616447249968
2020-12-10,114992.0,5.1697001457214355,131.2959702361241
2020-12-11,115323.0,5.024199962615967,131.30577673214103
2020-12-14,114975.0,5.064199924468994,131.31558396060515
2020-12-15,116146.0,5.117700099945068,131.32539192157117
2020-12-16,117947.0,5.078884124755859,131.33520061509375
2020-12-17,118157.0,5.083199977874756,131.34501004122768
2020-12-18,117679.0,5.0569000244140625,131.35482020002766
2020-12-21,116016.0,5.100599765777588,131.3646310915484
2020-12-22,116348.0,5.118937969207764,131.37444271584462
2020-12-23,117857.0,5.1566548347473145,131.38425507297106
2020-12-24,117857.0,5.2153000831604,131.39406816298248
2020-12-25,117857.0,5.2153000831604,131.39406816298248
2020-12-28,119051.0,5.2153000831604,131.40388198593357
2020-12-29,119475.0,5.2459001541137695,131.4136965418791
2020-12-30,119306.0,5.208600044250488,131.4235118308738
2020-12-31,119306.0,5.190838813781738,131.43332785297244
2021-01-01,119306.0,5.1921000480651855,131.43332785297244
2021-01-04,118558.0,5.19189977645874,131.44314460822977
2021-01-05,119223.0,5.295300006866455,131.45296209670053
2021-01-06,119851.0,5.28410005569458,131.46278031843954
2021-01-07,121956.0,5.312900066375732,131.47259927350152
2021-01-08,125077.0,5.40880012512207,131.48241896194125
2021-01-11,122807.0,5.4121880531311035,131.4922393838135
2021-01-12,123998.0,5.48769998550415,131.50206053917307
2021-01-13,122040.0,5.321400165557861,131.51188242807476
2021-01-14,123481.0,5.297500133514404,131.52170505057327
2021-01-15,120502.0,5.195799827575684,131.5315284067235
2021-01-18,121242.0,5.291299819946289,131.5413524965802
2021-01-19,120673.0,5.2947998046875,131.55117732019815
2021-01-20,119708.0,5.3566999435424805,131.56100287763218
2021-01-21,118443.0,5.290500164031982,131.5708291689371
2021-01-22,117172.0,5.3495001792907715,131.58065619416772
2021-01-25,117172.0,5.4654998779296875,131.59048395337885
2021-01-26,116464.0,5.4654998779296875,131.6003124466253
2021-01-27,115882.0,5.353799819946289,131.61014167396195
2021-01-28,119314.0,5.412600040435791,131.61997163544356
2021-01-29,116007.0,5.437989234924316,131.629802331125
2021-02-01,117365.0,5.4608001708984375,131.6396337610611
2021-02-02,118234.0,5.430500030517578,131.64946592530674
2021-02-03,119725.0,5.3668999671936035,131.65929882391669
2021-02-04,119261.0,5.3520002365112305,131.66913245694585
2021-02-05,119925.0,5.4257001876831055,131.67896682444905
2021-02-08,119516.0,5.369200229644775,131.68880192648115
2021-02-09,119429.0,5.364299774169922,131.69863776309705
2021-02-10,118430.0,5.376699924468994,131.70847433435156
2021-02-11,119235.0,5.384900093078613,131.71831164029956
2021-02-12,119116.0,5.3653998374938965,131.72814968099598
2021-02-15,119116.0,5.368599891662598,131.72814968099598
2021-02-16,119116.0,5.368000030517578,131.72814968099598
2021-02-17,120391.0,5.3694000244140625,131.73798845649566
2021-02-18,119140.0,5.409800052642822,131.74782796685344
2021-02-19,118748.0,5.42579984664917,131.7576682121243
2021-02-22,112668.0,5.38070011138916,131.76750919236304
2021-02-23,115227.0,5.463399887084961,131.77735090762462
2021-02-24,115668.0,5.439599990844727,131.7871933579639
2021-02-25,112256.0,5.402964115142822,131.7970365434358
2021-02-26,110035.0,5.528025150299072,131.8068804640952
2021-03-01,110335.0,5.597599983215332,131.81672511999707
2021-03-02,111540.0,5.640699863433838,131.82657051119628
2021-03-03,111184.0,5.675099849700928,131.83641663774776
2021-03-04,112690.0,5.617499828338623,131.84626349970642
2021-03-05,115202.0,5.668300151824951,131.8561110971272
2021-03-08,110612.0,5.689499855041504,131.86595943006506
2021-03-09,111331.0,5.874599933624268,131.87580849857488
2021-03-10,112776.0,5.801499843597412,131.88565830271162
2021-03-11,114984.0,5.67110013961792,131.89550884253023
2021-03-12,114160.0,5.534800052642822,131.90536011808567
2021-03-15,114851.0,5.4951558113098145,131.91521212943286
2021-03-16,114019.0,5.614500045776367,131.9250648766268
2021-03-17,116549.0,5.6234002113342285,131.93491835972245
2021-03-18,114835.0,5.583099842071533,131.948611884899
2021-03-19,116222.0,5.558700084686279,131.96230683132654
2021-03-22,114979.0,5.493563175201416,131.97600319915256
2021-03-23,113262.0,5.505499839782715,131.98970098852462
2021-03-24,112064.0,5.520400047302246,132.0034001995902
2021-03-25,113750.0,5.61959981918335,132.01710083249694
2021-03-26,114781.0,5.648399829864502,132.03080288739235
2021-03-29,115419.0,5.752399921417236,132.04450636442405
2021-03-30,116850.0,5.780799865722656,132.05821126373962
2021-03-31,116634.0,5.771599769592285,132.0719175854867
2021-04-01,115253.0,5.63129997253418,132.0856253298129
2021-04-02,115253.0,5.707399845123291,132.0856253298129
2021-04-05,117518.0,5.710599899291992,132.09933449686588
2021-04-06,117499.0,5.662700176239014,132.1130450867933
2021-04-07,117624.0,5.593200206756592,132.1267570997429
2021-04-08,118313.0,5.612100124359131,132.14047053586228
2021-04-09,117670.0,5.5665998458862305,132.1541853952992
2021-04-12,118812.0,5.679299831390381,132.1679016782014
2021-04-13,119297.0,5.7322001457214355,132.18161938471658
2021-04-14,120295.0,5.716300010681152,132.19533851499253
2021-04-15,120701.0,5.652900218963623,132.209059069177
2021-04-16,121114.0,5.614999771118164,132.22278104741778
2021-04-19,120934.0,5.5858001708984375,132.2365044498627
2021-04-20,120062.0,5.545300006866455,132.25022927665958
2021-04-21,120062.0,5.56790018081665,132.25022927665958
2021-04-22,119371.0,5.56790018081665,132.2639555279562
2021-04-23,120530.0,5.44320011138916,132.27768320390047
2021-04-26,120595.0,5.477200031280518,132.29141230464018
2021-04-27,119388.0,5.435299873352051,132.3051428303233
2021-04-28,121053.0,5.451000213623047,132.31887478109766
2021-04-29,120066.0,5.341400146484375,132.3326081571112
2021-04-30,118894.0,5.336400032043457,132.34634295851183
2021-05-03,119209.0,5.439700126647949,132.3600791854475
2021-05-04,117712.0,5.4380998611450195,132.37381683806618
2021-05-05,119564.0,5.442599773406982,132.38755591651582
2021-05-06,119921.0,5.352700233459473,132.40512242131038
2021-05-07,122038.0,5.273430824279785,132.42269125700446
2021-05-10,121909.0,5.235499858856201,132.44026242390737
2021-05-11,122964.0,5.2221999168396,132.4578359223284
2021-05-12,119710.0,5.221199989318848,132.47541175257695
2021-05-13,120706.0,5.303100109100342,132.4929899149624
2021-05-14,121881.0,5.307700157165527,132.51057040979424
2021-05-17,122938.0,5.269499778747559,132.52815323738193
2021-05-18,122980.0,5.271500110626221,132.54573839803498
2021-05-19,122636.0,5.259500026702881,132.56332589206303
2021-05-20,122701.0,5.308000087738037,132.58091571977565
2021-05-21,122592.0,5.281300067901611,132.59850788148253
2021-05-24,124032.0,5.361800193786621,132.61610237749332
2021-05-25,122988.0,5.31850004196167,132.6336992081178
2021-05-26,123989.0,5.330699920654297,132.65129837366572
2021-05-27,124367.0,5.310500144958496,132.66889987444694
2021-05-28,125561.0,5.2382001876831055,132.6865037107713
2021-05-31,126216.0,5.23799991607666,132.70410988294867
2021-06-01,128267.0,5.216599941253662,132.72171839128904
2021-06-02,129601.0,5.149700164794922,132.7393292361024
2021-06-03,129601.0,5.07450008392334,132.7393292361024
2021-06-04,130126.0,5.076300144195557,132.75694241769875
2021-06-07,130776.0,5.044600009918213,132.77455793638816
2021-06-08,129787.0,5.045199871063232,132.79217579248075
2021-06-09,129907.0,5.034900188446045,132.80979598628667
2021-06-10,130076.0,5.061500072479248,132.82741851811608
2021-06-11,129441.0,5.054500102996826,132.84504338827924
2021-06-14,130208.0,5.117000102996826,132.86267059708646
2021-06-15,130091.0,5.058599948883057,132.880300144848
2021-06-16,129259.0,5.043799877166748,132.89793203187423
2021-06-17,128057.0,5.054299831390381,132.91937777116624
2021-06-18,128405.0,5.007400035858154,132.94082697115718
2021-06-21,129265.0,5.0960001945495605,132.9622796324055
2021-06-22,128767.0,5.0131001472473145,132.98373575546978
2021-06-23,128428.0,4.957099914550781,133.00519534090864
2021-06-24,129514.0,4.965199947357178,133.0266583892808
2021-06-25,127256.0,4.912700176239014,133.0481249011451
2021-06-28,127429.0,4.91540002822876,133.06959487706038
2021-06-29,127327.0,4.924799919128418,133.0910683175857
2021-06-30,126802.0,4.955100059509277,133.1125452232801
2021-07-01,125666.0,4.969200134277344,133.1340255947028
2021-07-02,127622.0,5.045102119445801,133.15550943241303
2021-07-05,126920.0,5.059199810028076,133.17699673697015
2021-07-06,125095.0,5.088459014892578,133.1984875089336
2021-07-07,127019.0,5.195300102233887,133.21998174886292
2021-07-08,125428.0,5.231200218200684,133.24147945731772
2021-07-09,125428.0,5.257999897003174,133.26298063485774
2021-07-12,127594.0,5.257900238037109,133.2844852820428
2021-07-13,128168.0,5.172699928283691,133.30599339943277
2021-07-14,128407.0,5.162399768829346,133.32750498758764
2021-07-15,127468.0,5.069900035858154,133.34902004706748
2021-07-16,125960.0,5.110000133514404,133.37053857843247
2021-07-19,124395.0,5.1153998374938965,133.3920605822429
2021-07-20,125401.0,5.250899791717529,133.41358605905904
2021-07-21,125929.0,5.219900131225586,133.4351150094414
2021-07-22,126147.0,5.187300205230713,133.45664743395048
2021-07-23,125053.0,5.1996002197265625,133.47818333314692
2021-07-26,126004.0,5.19789981842041,133.4997227075914
2021-07-27,124612.0,5.1753997802734375,133.5212655578447
2021-07-28,126286.0,5.169099807739258,133.5428118844678
2021-07-29,125675.0,5.114799976348877,133.5643616880216
2021-07-30,121801.0,5.080399990081787,133.5859149690672
2021-08-02,122516.0,5.208700180053711,133.60747172816576
2021-08-03,123577.0,5.174600124359131,133.62903196587854
2021-08-04,121801.0,5.196800231933594,133.6505956827669
2021-08-05,121633.0,5.1682000160217285,133.67723224648645
2021-08-06,122810.0,5.245200157165527,133.7038741188732
2021-08-09,123019.0,5.23199987411499,133.7305213009851
2021-08-10,122202.0,5.231800079345703,133.75717379388036
2021-08-11,122056.0,5.188300132751465,133.7838315986175
2021-08-12,120701.0,5.218200206756592,133.8104947162551
2021-08-13,121194.0,5.252200126647949,133.83716314785207
2021-08-16,119180.0,5.247499942779541,133.86383689446743
2021-08-17,117904.0,5.259699821472168,133.8905159571605
2021-08-18,116643.0,5.294300079345703,133.91720033699076
2021-08-19,117165.0,5.378600120544434,133.94389003501792
2021-08-20,118053.0,5.414100170135498,133.9705850523019
2021-08-23,117472.0,5.379000186920166,133.99728538990283
2021-08-24,120211.0,5.379899978637695,134.02399104888104
2021-08-25,120818.0,5.245800018310547,134.0507020302971
2021-08-26,118724.0,5.210999965667725,134.07741833521172
2021-08-27,120678.0,5.2515997886657715,134.10413996468594
2021-08-30,119740.0,5.2027997970581055,134.13086691978089
2021-08-31,118781.0,5.1828999519348145,134.157599201558
2021-09-01,119396.0,5.1493000984191895,134.18433681107888
2021-09-02,116677.0,5.184599876403809,134.21107974940534
2021-09-03,116933.0,5.18179988861084,134.2378280175994
2021-09-06,117869.0,5.189799785614014,134.26458161672332
2021-09-07,117869.0,5.169300079345703,134.26458161672332
2021-09-08,113413.0,5.169600009918213,134.29134054783952
2021-09-09,115361.0,5.3206000328063965,134.31810481201072
2021-09-10,114286.0,5.196499824523926,134.34487441029975
2021-09-13,116404.0,5.247000217437744,134.37164934376972
2021-09-14,116181.0,5.213200092315674,134.39842961348393
2021-09-15,115063.0,5.238900184631348,134.4252152205059
2021-09-16,113794.0,5.221700191497803,134.45200616589935
2021-09-17,111439.0,5.256800174713135,134.4788024507282
2021-09-20,108844.0,5.289700031280518,134.50560407605664
2021-09-21,110250.0,5.323200225830078,134.532411042949
2021-09-22,112282.0,5.268899917602539,134.55922335246987
2021-09-23,114064.0,5.287700176239014,134.59109639570534
2021-09-24,113283.0,5.3018999099731445,134.6229769887086
2021-09-27,113583.0,5.336999893188477,134.6548651332679
2021-09-28,110124.0,5.390399932861328,134.68676083117202
2021-09-29,111107.0,5.427599906921387,134.7186640842101
2021-09-30,110979.0,5.414299964904785,134.7505748941717
2021-10-01,112900.0,5.441699981689453,134.78249326284688
2021-10-04,110393.0,5.3678998947143555,134.81441919202604
2021-10-05,110458.0,5.453199863433838,134.84635268350004
2021-10-06,110560.0,5.475500106811523,134.87829373906018
2021-10-07,110585.0,5.4918999671936035,134.91024236049813
2021-10-08,112833.0,5.517000198364258,134.94219854960605
2021-10-11,112180.0,5.506899833679199,134.9741623081765
2021-10-12,112180.0,5.535999774932861,134.9741623081765
2021-10-13,113456.0,5.531499862670898,135.0061336380024
2021-10-14,113185.0,5.512499809265137,135.03811254087725
2021-10-15,114648.0,5.512199878692627,135.07009901859482
2021-10-18,114428.0,5.458399772644043,135.10209307294934
2021-10-19,110673.0,5.511300086975098,135.13409470573552
2021-10-20,110786.0,5.5833001136779785,135.16610391874846
2021-10-21,107735.0,5.59630012512207,135.19812071378368
2021-10-22,106296.0,5.657800197601318,135.23014509263714
2021-10-25,108715.0,5.649199962615967,135.26217705710522
2021-10-26,106420.0,5.5543999671936035,135.29421660898473
2021-10-27,106363.0,5.564799785614014,135.32626375007288
2021-10-28,105705.0,5.534999847412109,135.36585480179562
2021-10-29,103501.0,5.644899845123291,135.40545743627644
2021-11-01,105551.0,5.633699893951416,135.445071656904
2021-11-02,105551.0,5.678899765014648,135.445071656904
2021-11-03,105617.0,5.678599834442139,135.48469746706797
2021-11-04,103412.0,5.5524001121521,135.52433487015895
2021-11-05,104824.0,5.6016998291015625,135.56398386956857
2021-11-08,104781.0,5.541100025177002,135.60364446868948
2021-11-09,105535.0,5.543099880218506,135.64331667091528
2021-11-10,105968.0,5.479100227355957,135.68300047964053
2021-11-11,107725.0,5.4899001121521,135.72269589826087
2021-11-12,106312.0,5.3979997634887695,135.76240293017287
2021-11-15,106312.0,5.457600116729736,135.76240293017287
2021-11-16,104508.0,5.456299781799316,135.80212157877415
2021-11-17,102945.0,5.502200126647949,135.84185184746326
2021-11-18,102524.0,5.52869987487793,135.88159373963975
2021-11-19,103035.0,5.556399822235107,135.92134725870423
2021-11-22,102122.0,5.611599922180176,135.96111240805826
2021-11-23,103663.0,5.585599899291992,136.0008891911044
2021-11-24,104514.0,5.570400238037109,136.04067761124614
2021-11-25,105811.0,5.605199813842773,136.0804776718881
2021-11-26,102224.0,5.565100193023682,136.1202893764358
2021-11-29,102814.0,5.607800006866455,136.16011272829581
2021-11-30,101915.0,5.6006999015808105,136.1999477308756
2021-12-01,100775.0,5.620871067047119,136.23979438758374
2021-12-02,104466.0,5.6915669441223145,136.2796527018298
2021-12-03,105070.0,5.643321990966797,136.31952267702428
2021-12-06,106859.0,5.65009880065918,136.35940431657866
2021-12-07,107558.0,5.688000202178955,136.39929762390554
2021-12-08,108096.0,5.611800193786621,136.43920260241842
2021-12-09,106291.0,5.531599998474121,136.48661386093073
2021-12-10,107758.0,5.571100234985352,136.53404159438128
2021-12-13,107383.0,5.60866117477417,136.5814858084949
2021-12-14,106760.0,5.679699897766113,136.6289465089985
2021-12-15,107370.0,5.680600166320801,136.6764237016209
2021-12-16,108212.0,5.6793999671936035,136.72391739209297
2021-12-17,107201.0,5.687399864196777,136.77142758614755
2021-12-20,105020.0,5.693059921264648,136.81895428951947
2021-12-21,105500.0,5.741300106048584,136.86649750794552
2021-12-22,105244.0,5.74399995803833,136.91405724716458
2021-12-23,104891.0,5.6529998779296875,136.9616335129174
2021-12-24,104891.0,5.671795845031738,137.0092263109468
2021-12-27,105531.0,5.67110013961792,137.05683564699757
2021-12-28,104864.0,5.624100208282471,137.10446152681655
2021-12-29,104107.0,5.627500057220459,137.1521039561525
2021-12-30,104822.0,5.702700138092041,137.19976294075622
2021-12-31,104822.0,5.570199966430664,137.2474384863805
2022-01-03,103922.0,5.569300174713135,137.29513059878013
2022-01-04,103514.0,5.68120002746582,137.34283928371192
2022-01-05,101006.0,5.676199913024902,137.39056454693463
2022-01-06,101561.0,5.705635070800781,137.438306394209
2022-01-07,102719.0,5.682400226593018,137.48606483129794
2022-01-10,101945.0,5.632199764251709,137.53383986396616
2022-01-11,103779.0,5.662199974060059,137.5816314979805
2022-01-12,105686.0,5.567299842834473,137.62943973910976
2022-01-13,105530.0,5.533199787139893,137.6772645931247
2022-01-14,106928.0,5.526700019836426,137.72510606579817
2022-01-17,106692.0,5.533299922943115,137.772964162905
2022-01-18,106522.0,5.5157999992370605,137.82083889022198
2022-01-19,108013.0,5.565700054168701,137.86873025352793
2022-01-20,109102.0,5.43720006942749,137.9166382586037
2022-01-21,108942.0,5.418099880218506,137.9645629112322
2022-01-24,107752.0,5.457099914550781,138.01250421719823
2022-01-25,109845.0,5.486100196838379,138.06046218228863
2022-01-26,111573.0,5.440703868865967,138.10843681229238
2022-01-27,112315.0,5.429166793823242,138.15642811300026
2022-01-28,111478.0,5.40348482131958,138.20443609020526
2022-01-31,112388.0,5.362599849700928,138.25246074970224
2022-02-01,113147.0,5.303100109100342,138.30050209728816
2022-02-02,112161.0,5.264500141143799,138.34856013876194
2022-02-03,111696.0,5.260900020599365,138.40413198839846
2022-02-04,112245.0,5.282899856567383,138.45972616013555
2022-02-07,111996.0,5.326900005340576,138.51534266293953
2022-02-08,112234.0,5.262599945068359,138.5709815057804
2022-02-09,112461.0,5.258399963378906,138.62664269763164
2022-02-10,113359.0,5.234499931335449,138.6823262474704
2022-02-11,113572.0,5.248700141906738,138.73803216427748
2022-02-14,113807.0,5.249956130981445,138.79376045703725
2022-02-15,114660.0,5.214000225067139,138.8495111347376
2022-02-16,115181.0,5.157899856567383,138.90528420637023
2022-02-17,113528.0,5.135799884796143,138.96107968093023
2022-02-18,112768.0,5.170599937438965,139.01689756741646
2022-02-21,111725.0,5.137499809265137,139.07273787483135
2022-02-22,112892.0,5.102700233459473,139.12860061218092
2022-02-23,112008.0,5.05709981918335,139.1844857884748
2022-02-24,111592.0,5.008699893951416,139.24039341272632
2022-02-25,113142.0,5.122200012207031,139.29632349395234
2022-02-28,113142.0,5.15939998626709,139.29632349395234
2022-03-01,113142.0,5.158400058746338,139.29632349395234
2022-03-02,115174.0,5.158999919891357,139.35227604117338
2022-03-03,115166.0,5.096502780914307,139.4082510634136
2022-03-04,114474.0,5.030900001525879,139.46424856970074
2022-03-07,111593.0,5.06056022644043,139.52026856906622
2022-03-08,111203.0,5.110499858856201,139.57631107054502
2022-03-09,113900.0,5.058800220489502,139.6323760831758
2022-03-10,113663.0,5.011499881744385,139.68846361600092
2022-03-11,111713.0,5.009699821472168,139.7445736780662
2022-03-14,109928.0,5.073500156402588,139.8007062784212
2022-03-15,108959.0,5.121399879455566,139.85686142611908
2022-03-16,111112.0,5.1631999015808105,139.91303913021673
2022-03-17,113076.0,5.0738749504089355,139.9742356944019
2022-03-18,115311.0,5.039400100708008,140.03545902535228
2022-03-21,116155.0,5.0177998542785645,140.09670913477538
2022-03-22,117272.0,4.935200214385986,140.15798603438384
2022-03-23,117457.0,4.909999847412109,140.21928973589544
2022-03-24,119053.0,4.82420015335083,140.28062025103304
2022-03-25,119081.0,4.826300144195557,140.34197759152465
2022-03-28,118738.0,4.7368998527526855,140.4033617691034
2022-03-29,120014.0,4.764100074768066,140.46477279550763
2022-03-30,120260.0,4.756199836730957,140.52621068248067
2022-03-31,119999.0,4.769700050354004,140.5876754417711
2022-04-01,121570.0,4.737800121307373,140.64916708513258
2022-04-04,121280.0,4.657199859619141,140.71068562432396
2022-04-05,118885.0,4.593800067901611,140.7722310711092
2022-04-06,118228.0,4.650700092315674,140.8338034372574
2022-04-07,118862.0,4.715199947357178,140.89540273454284
2022-04-08,118322.0,4.752099990844727,140.9570289747449
2022-04-11,116953.0,4.6981000900268555,141.0186821696482
2022-04-12,116147.0,4.693600177764893,141.0803623310424
2022-04-13,116782.0,4.673099994659424,141.1420694707224
2022-04-14,116182.0,4.690199851989746,141.20380360048821
2022-04-15,116182.0,4.701000213623047,141.20380360048821
2022-04-18,115687.0,4.7006001472473145,141.26556473214504
2022-04-19,115057.0,4.6519999504089355,141.32735287750324
2022-04-20,114344.0,4.664999961853027,141.38916804837837
2022-04-21,114344.0,4.620800018310547,141.38916804837837
2022-04-22,111078.0,4.620800018310547,141.45101025659105
2022-04-25,110685.0,4.795199871063232,141.5128795139672
2022-04-26,108213.0,4.876200199127197,141.57477583233785
2022-04-27,109349.0,4.997799873352051,141.63669922353915
2022-04-28,109919.0,4.963600158691406,141.69864969941258
2022-04-29,107876.0,4.93779993057251,141.7606272718046
2022-05-02,106639.0,4.97130012512207,141.82263195256704
2022-05-03,106528.0,5.084700107574463,141.88466375355677
2022-05-04,108344.0,4.958099842071533,141.94672268663595
2022-05-05,105304.0,4.918799877166748,142.01383367765493
2022-05-06,105135.0,5.0279998779296875,142.0809763980794
2022-05-09,103250.0,5.080399990081787,142.14815086291063
2022-05-10,103110.0,5.160900115966797,142.2153570871571
2022-05-11,104397.0,5.13129997253418,142.28259508583432
2022-05-12,105688.0,5.134252071380615,142.34986487396492
2022-05-13,106924.0,5.133399963378906,142.41716646657866
2022-05-16,108233.0,5.058300018310547,142.4844998787124
2022-05-17,108789.0,5.059700012207031,142.55186512541002
2022-05-18,106247.0,4.9380998611450195,142.61926222172266
2022-05-19,107005.0,4.96750020980835,142.68669118270844
2022-05-20,108488.0,4.929999828338623,142.7541520234327
2022-05-23,110346.0,4.880199909210205,142.82164475896786
2022-05-24,110581.0,4.813499927520752,142.88916940439344
2022-05-25,110580.0,4.817800045013428,142.95672597479614
2022-05-26,111890.0,4.822800159454346,143.02431448526974
2022-05-27,111942.0,4.768199920654297,143.09193495091523
2022-05-30,111032.0,4.729599952697754,143.15958738684066
2022-05-31,111351.0,4.752399921417236,143.22727180816128
2022-06-01,111360.0,4.730400085449219,143.29498822999943
2022-06-02,112393.0,4.815499782562256,143.36273666748468
2022-06-03,111102.0,4.7957000732421875,143.4305171357537
2022-06-06,110186.0,4.775000095367432,143.4983296499503
2022-06-07,110070.0,4.7941999435424805,143.5661742252255
2022-06-08,108368.0,4.867526054382324,143.6340508767374
2022-06-09,107094.0,4.898099899291992,143.70195961965143
2022-06-10,105481.0,4.903299808502197,143.76990046913997
2022-06-13,102598.0,4.984000205993652,143.83787344038277
2022-06-14,102063.0,5.113399982452393,143.90587854856662
2022-06-15,102807.0,5.116099834442139,143.97391580888558
2022-06-16,102807.0,5.052000045776367,143.97391580888558
2022-06-17,99825.0,5.052199840545654,144.0445162979808
2022-06-20,99853.0,5.152100086212158,144.11515140743788
2022-06-21,99685.0,5.18720006942749,144.18582115423357
2022-06-22,99522.0,5.122799873352051,144.25652555535297
2022-06-23,98080.0,5.193600177764893,144.32726462778956
2022-06-24,98672.0,5.23799991607666,144.3980383885451
2022-06-27,100764.0,5.241399765014648,144.4688468546297
2022-06-28,100591.0,5.236800193786621,144.53969004306182
2022-06-29,99622.0,5.266600131988525,144.61056797086823
2022-06-30,98542.0,5.1809000968933105,144.68148065508413
2022-07-01,98954.0,5.251999855041504,144.75242811275297
2022-07-04,98609.0,5.330999851226807,144.82341036092663
2022-07-05,98295.0,5.3282999992370605,144.89442741666534
2022-07-06,98719.0,5.385200023651123,144.96547929703766
2022-07-07,100730.0,5.427999973297119,145.03656601912056
2022-07-08,100289.0,5.338200092315674,145.10768759999937
2022-07-11,98212.0,5.254000186920166,145.1788440567678
2022-07-12,98271.0,5.377200126647949,145.25003540652793
2022-07-13,97881.0,5.436500072479248,145.32126166639023
2022-07-14,96121.0,5.390900135040283,145.3925228534736
2022-07-15,96551.0,5.422800064086914,145.46381898490526
2022-07-18,96916.0,5.410099983215332,145.5351500778209
2022-07-19,98245.0,5.436800003051758,145.60651614936458
2022-07-20,98287.0,5.413099765777588,145.67791721668874
2022-07-21,99033.0,5.470200061798096,145.7493532969543
2022-07-22,98925.0,5.497799873352051,145.82082440733055
2022-07-25,100270.0,5.496699810028076,145.89233056499518
2022-07-26,99772.0,5.356299877166748,145.96387178713434
2022-07-27,101438.0,5.350100040435791,146.03544809094262
2022-07-28,102597.0,5.243000030517578,146.10705949362298
2022-07-29,103165.0,5.182700157165527,146.1787060123869
2022-08-01,102225.0,5.171199798583984,146.2503876644542
2022-08-02,103362.0,5.184000015258789,146.32210446705324
2022-08-03,103775.0,5.277699947357178,146.39385643742077
2022-08-04,105892.0,5.282700061798096,146.4682069492282
2022-08-05,106472.0,5.211100101470947,146.54259522217356
2022-08-08,108402.0,5.164599895477295,146.617021275435
2022-08-09,108651.0,5.110099792480469,146.69148512820038
2022-08-10,110236.0,5.123700141906738,146.7659867996673
2022-08-11,109718.0,5.093699932098389,146.84052630904313
2022-08-12,112764.0,5.1570000648498535,146.91510367554497
2022-08-15,113032.0,5.074900150299072,146.98971891839972
2022-08-16,113512.0,5.095600128173828,147.064372056844
2022-08-17,113708.0,5.1417388916015625,147.13906311012423
2022-08-18,113813.0,5.164999961853027,147.21379209749662
2022-08-19,111496.0,5.166999816894531,147.28855903822708
2022-08-22,110501.0,5.168399810791016,147.36336395159142
2022-08-23,112857.0,5.156099796295166,147.43820685687515
2022-08-24,112898.0,5.103499889373779,147.51308777337363
2022-08-25,113532.0,5.110099792480469,147.58800672039197
2022-08-26,112299.0,5.108699798583984,147.66296371724513
2022-08-29,112323.0,5.0625,147.73795878325785
2022-08-30,110431.0,5.027200222015381,147.8129919377647
2022-08-31,109523.0,5.1219000816345215,147.88806320011008
2022-09-01,110405.0,5.181700229644775,147.96317258964814
2022-09-02,110864.0,5.2403998374938965,148.03832012574298
2022-09-05,112203.0,5.171000003814697,148.11350582776845
2022-09-06,109764.0,5.153900146484375,148.18872971510825
2022-09-07,109764.0,5.247200012207031,148.18872971510825
2022-09-08,109916.0,5.246699810028076,148.26399180715597
2022-09-09,112300.0,5.2133002281188965,148.33929212331498
2022-09-12,113407.0,5.146299839019775,148.4146306829986
2022-09-13,110794.0,5.0920000076293945,148.49000750562988
2022-09-14,110547.0,5.189799785614014,148.56542261064183
2022-09-15,109954.0,5.162700176239014,148.64087601747732
2022-09-16,109280.0,5.246099948883057,148.71636774558908
2022-09-19,111824.0,5.250699996948242,148.79189781443972
2022-09-20,112517.0,5.170899868011475,148.86746624350172
2022-09-21,111936.0,5.141499996185303,148.9430730522575
2022-09-22,114070.0,5.170400142669678,149.01871826019928
2022-09-23,111716.0,5.115499973297119,149.09440188682927
2022-09-26,109114.0,5.258800029754639,149.17012395165955
2022-09-27,108376.0,5.389400005340576,149.24588447421215
2022-09-28,108451.0,5.3780999183654785,149.3216834740189
2022-09-29,107664.0,5.374199867248535,149.39752097062168
2022-09-30,110037.0,5.396200180053711,149.47339698357226
2022-10-03,116134.0,5.414299964904785,149.54931153243228
2022-10-04,116230.0,5.16349983215332,149.62526463677338
2022-10-05,117198.0,5.17579984664917,149.7012563161771
2022-10-06,117561.0,5.195199966430664,149.77728659023498
2022-10-07,116375.0,5.220099925994873,149.85335547854842
2022-10-10,115941.0,5.198400020599365,149.92946300072887
2022-10-11,114827.0,5.186800003051758,150.00560917639768
2022-10-12,114827.0,5.292099952697754,150.00560917639768
2022-10-13,114300.0,5.291500091552734,150.0817940251862
2022-10-14,112072.0,5.259799957275391,150.15801756673574
2022-10-17,113624.0,5.327400207519531,150.23427982069754
2022-10-18,115743.0,5.2773590087890625,150.31058080673287
2022-10-19,116274.0,5.239799976348877,150.386920544513
2022-10-20,117171.0,5.269199848175049,150.46329905371914
2022-10-21,119929.0,5.216599941253662,150.53971635404253
2022-10-24,116013.0,5.163400173187256,150.6161724651844
2022-10-25,114626.0,5.30620002746582,150.69266740685603
2022-10-26,112764.0,5.315199851989746,150.76920119877863
2022-10-27,114641.0,5.383900165557861,150.84577386068347
2022-10-28,114539.0,5.339200019836426,150.92238541231185
2022-10-31,116037.0,5.28849983215332,150.99903587341507
2022-11-01,116929.0,5.178800106048584,151.07572526375446
2022-11-02,116929.0,5.142399787902832,151.07572526375446
2022-11-03,116896.0,5.142600059509277,151.1524536031014
2022-11-04,118155.0,5.1149001121521,151.22922091123735
2022-11-07,115342.0,5.078132152557373,151.30602720795378
2022-11-08,116160.0,5.153326988220215,151.38287251305215
2022-11-09,113580.0,5.14300012588501,151.45975684634408
2022-11-10,109775.0,5.185200214385986,151.53668022765117
2022-11-11,112253.0,5.341579914093018,151.61364267680523
2022-11-14,113161.0,5.279058933258057,151.69064421364791
2022-11-15,113161.0,5.331200122833252,151.69064421364791
2022-11-16,110243.0,5.331699848175049,151.76768485803115
2022-11-17,109703.0,5.39900016784668,151.84476462981684
2022-11-18,108880.0,5.422100067138672,151.92188354887705
2022-11-21,109748.0,5.38129997253418,151.99904163509385
2022-11-22,109037.0,5.318600177764893,152.07623890835947
2022-11-23,108683.0,5.357699871063232,152.15347538857625
2022-11-24,111831.0,5.35830020904541,152.23075109565661
2022-11-25,108977.0,5.320000171661377,152.30806604952306
2022-11-28,108782.0,5.4085001945495605,152.3854202701083
2022-11-29,110910.0,5.364699840545654,152.46281377735508
2022-11-30,112486.0,5.268199920654297,152.54024659121634
2022-12-01,110926.0,5.181589126586914,152.6177187316551
2022-12-02,111924.0,5.183599948883057,152.69523021864453
2022-12-05,109401.0,5.2179999351501465,152.772781072168
2022-12-06,109533.0,5.28000020980835,152.85037131221893
2022-12-07,109361.0,5.234000205993652,152.92800095880096
2022-12-08,107245.0,5.203999996185303,153.00567003192793
2022-12-09,107689.0,5.224299907684326,153.08337855162375
2022-12-12,105264.0,5.235000133514404,153.16112653792254
2022-12-13,103892.0,5.321300029754639,153.23891401086865
2022-12-14,103803.0,5.292799949645996,153.31674099051648
2022-12-15,103738.0,5.277200222015381,153.39460749693075
2022-12-16,102825.0,5.311800003051758,153.4725135501863
2022-12-19,104530.0,5.306509017944336,153.55045917036816
2022-12-20,106979.0,5.291600227355957,153.6284443775716
2022-12-21,107313.0,5.198400020599365,153.7064691919021
2022-12-22,107317.0,5.199900150299072,153.7845336334753
2022-12-23,109698.0,5.165599822998047,153.86263772241705
2022-12-26,108738.0,5.164299964904785,153.94078147886353
2022-12-27,108347.0,5.21750020980835,154.018964922961
2022-12-28,110237.0,5.292300224304199,154.09718807486607
2022-12-29,110031.0,5.2667999267578125,154.17545095474554
2022-12-30,110031.0,5.284599781036377,154.25375358277645
2023-01-02,106376.0,5.2855000495910645,154.33209597914606
2023-01-03,104166.0,5.360130786895752,154.41047816405197
2023-01-04,105334.0,5.478499889373779,154.48890015770192
2023-01-05,107518.0,5.430099964141846,154.567361980314
2023-01-06,108836.0,5.349800109863281,154.64586365211656
2023-01-09,109227.0,5.224400043487549,154.7244051933482
2023-01-10,110912.0,5.253699779510498,154.8029866242578
2023-01-11,111763.0,5.198299884796143,154.88160796510454
2023-01-12,111877.0,5.1585001945495605,154.96026923615784
2023-01-13,110916.0,5.107699871063232,155.0389704576975
2023-01-16,109213.0,5.080699920654297,155.11771165001355
2023-01-17,111439.0,5.145999908447266,155.19649283340638
2023-01-18,112452.0,5.099599838256836,155.2753140281866
2023-01-19,113006.0,5.185299873352051,155.35417525467525
2023-01-20,112301.0,5.172999858856201,155.4330765332036
2023-01-23,111709.0,5.206299781799316,155.51201788411328
2023-01-24,113028.0,5.205900192260742,155.59099932775626
2023-01-25,114195.0,5.138400077819824,155.67002088449485
2023-01-26,114109.0,5.072199821472168,155.74908257470165
2023-01-27,112502.0,5.062745094299316,155.8281844187597
2023-01-30,111888.0,5.1072001457214355,155.9073264370623
2023-01-31,113532.0,5.1149001121521,155.98650865001315
2023-02-01,112303.0,5.072199821472168,156.06573107802632
2023-02-02,109935.0,5.053500175476074,156.14499374152624
2023-02-03,108490.0,5.049200057983398,156.2242966609477
2023-02-06,108456.0,5.149799823760986,156.30363985673586
2023-02-07,107920.0,5.145699977874756,156.3830233493463
2023-02-08,109882.0,5.2093000411987305,156.462447159245
2023-02-09,107783.0,5.19950008392334,156.54191130690822
2023-02-10,108150.0,5.2895002365112305,156.6214158128228
2023-02-13,108846.0,5.213482856750488,156.7009606974858
2023-02-14,107659.0,5.158400058746338,156.78054598140486
2023-02-15,109442.0,5.191500186920166,156.8601716850979
2023-02-16,109905.0,5.2179999351501465,156.93983782909334
2023-02-17,109303.0,5.216800212860107,157.01954443392998
2023-02-20,109303.0,5.165168762207031,157.01954443392998
2023-02-21,109303.0,5.1666998863220215,157.01954443392998
2023-02-22,107152.0,5.166500091552734,157.0992915201571
2023-02-23,107720.0,5.151199817657471,157.17907910833435
2023-02-24,105873.0,5.136199951171875,157.2589072190319
2023-02-27,105711.0,5.207799911499023,157.3387758728303
2023-02-28,104932.0,5.199699878692627,157.4186850903206
2023-03-01,104385.0,5.235899925231934,157.49863489210426
2023-03-02,103326.0,5.178299903869629,157.57862529879327
2023-03-03,103866.0,5.1996002197265625,157.65865633101
2023-03-06,104700.0,5.194399833679199,157.73872800938742
2023-03-07,104228.0,5.152200222015381,157.81884035456883
2023-03-08,106540.0,5.190000057220459,157.89899338720812
2023-03-09,105071.0,5.144400119781494,157.97918712796962
2023-03-10,103618.0,5.163700103759766,158.05942159752817
2023-03-13,103121.0,5.21560001373291,158.1396968165691
2023-03-14,102932.0,5.245699882507324,158.22001280578831
2023-03-15,102675.0,5.251699924468994,158.30036958589213
2023-03-16,103435.0,5.287099838256836,158.38076717759742
2023-03-17,101982.0,5.229599952697754,158.46120560163158
2023-03-20,100923.0,5.2778000831604,158.54168487873253
2023-03-21,100998.0,5.2357001304626465,158.62220502964874
2023-03-22,100221.0,5.240900039672852,158.7027660751392
2023-03-23,97926.0,5.236100196838379,158.78336803597344
2023-03-24,98829.0,5.2967000007629395,158.86401093293154
2023-03-27,99670.0,5.245100021362305,158.94469478680415
2023-03-28,101185.0,5.1971001625061035,159.02541961839248
2023-03-29,101793.0,5.164400100708008,159.10618544850826
2023-03-30,103713.0,5.134200096130371,159.18699229797383
2023-03-31,101882.0,5.092700004577637,159.26784018762214
2023-04-03,101506.0,5.062300205230713,159.34872913829662
2023-04-04,101869.0,5.0630998611450195,159.42965917085138
2023-04-05,100978.0,5.070700168609619,159.51063030615109
2023-04-06,100822.0,5.033199787139893,159.591642565071
2023-04-07,100822.0,5.058300018310547,159.591642565071
2023-04-10,101847.0,5.0543999671936035,159.67269596849692
2023-04-11,106214.0,5.065299987792969,159.75379053732541
2023-04-12,106890.0,5.004000186920166,159.8349262924635
2023-04-13,106458.0,4.916900157928467,159.91610325482895
2023-04-14,106279.0,4.926700115203857,159.99732144535002
2023-04-17,106016.0,4.908699989318848,160.0785808849657
2023-04-18,106163.0,4.939799785614014,160.15988159462555
2023-04-19,103913.0,4.984300136566162,160.24122359528982
2023-04-20,104367.0,5.0742998123168945,160.3226069079294
2023-04-21,104367.0,5.047699928283691,160.3226069079294
2023-04-24,103947.0,5.047900199890137,160.4040315535258
2023-04-25,103220.0,5.033400058746338,160.4854975530712
2023-04-26,102312.0,5.053100109100342,160.5670049275685
2023-04-27,102923.0,5.043000221252441,160.6485536980311
2023-04-28,104432.0,4.976200103759766,160.73014388548324
2023-05-01,104432.0,4.986000061035156,160.73014388548324
2023-05-02,101927.0,4.9878997802734375,160.81177551095982
2023-05-03,101797.0,5.038400173187256,160.89344859550633
2023-05-04,102174.0,4.9944000244140625,160.97516316017902
2023-05-05,105148.0,4.982600212097168,161.05691922604484
2023-05-08,106042.0,4.951700210571289,161.13871681418138
2023-05-09,107114.0,5.007999897003174,161.22055594567698
2023-05-10,107448.0,4.985899925231934,161.30243664163066
2023-05-11,108256.0,4.94290018081665,161.3843589231522
2023-05-12,108464.0,4.929500102996826,161.46632281136212
2023-05-15,109029.0,4.920199871063232,161.54832832739154
2023-05-16,108194.0,4.887899875640869,161.63037549238246
2023-05-17,109460.0,4.9394001960754395,161.71246432748754
2023-05-18,110108.0,4.937699794769287,161.79459485387017
2023-05-19,110745.0,4.964399814605713,161.87676709270454
2023-05-22,110213.0,4.996799945831299,161.95898106517558
2023-05-23,109929.0,4.966100215911865,162.04123679247897
2023-05-24,108800.0,4.971199989318848,162.12353429582114
2023-05-25,110054.0,4.958600044250488,162.20587359641928
2023-05-26,110906.0,5.035200119018555,162.28825471550144
2023-05-29,110333.0,4.992800235748291,162.37067767430636
2023-05-30,108967.0,5.018099784851074,162.45314249408358
2023-05-31,108335.0,5.034800052642822,162.53564919609346
2023-06-01,110565.0,5.054800033569336,162.61819780160718
2023-06-02,112558.0,5.0131001472473145,162.70078833190667
2023-06-05,112696.0,4.956600189208984,162.78342080828466
2023-06-06,114610.0,4.925600051879883,162.86609525204477
2023-06-07,115488.0,4.9120001792907715,162.94881168450138
2023-06-08,115488.0,4.922399997711182,162.94881168450138
2023-06-09,117019.0,4.922100067138672,163.03157012697972
2023-06-12,117336.0,4.877900123596191,163.11437060081582
2023-06-13,116743.0,4.860599994659424,163.19721312735655
2023-06-14,119069.0,4.861000061035156,163.28009772795969
2023-06-15,119221.0,4.815000057220459,163.36302442399375
2023-06-16,118758.0,4.809199810028076,163.4459932368382
2023-06-19,119858.0,4.807000160217285,163.52900418788334
2023-06-20,119622.0,4.776899814605713,163.6120572985303
2023-06-21,120420.0,4.789299964904785,163.69515259019104
2023-06-22,118934.0,4.76230001449585,163.77829008428856
2023-06-23,118977.0,4.7697367668151855,163.86146980225658
2023-06-26,118243.0,4.7855000495910645,163.94469176553974
2023-06-27,117523.0,4.767300128936768,164.02795599559363
2023-06-28,116681.0,4.810500144958496,164.11126251388467
2023-06-29,118383.0,4.850500106811523,164.19461134189024
2023-06-30,118087.0,4.855599880218506,164.27800250109857
2023-07-03,119673.0,4.784200191497803,164.36143601300884
2023-07-04,119076.0,4.80649995803833,164.44491189913114
2023-07-05,119549.0,4.839900016784668,164.52843018098648
2023-07-06,117426.0,4.8471999168396,164.6119908801068
2023-07-07,118898.0,4.918700218200684,164.69559401803497
2023-07-10,117942.0,4.8709001541137695,164.77923961632484
2023-07-11,117220.0,4.898200035095215,164.8629276965412
2023-07-12,117666.0,4.851500034332275,164.94665828025973
2023-07-13,119264.0,4.81689977645874,165.0304313890671
2023-07-14,117711.0,4.7947998046875,165.11424704456098
2023-07-17,118219.0,4.788099765777588,165.19810526835
2023-07-18,117841.0,4.805799961090088,165.28200608205367
2023-07-19,117552.0,4.809299945831299,165.36594950730264
2023-07-20,118083.0,4.789899826049805,165.44993556573843
2023-07-21,120217.0,4.796899795532227,165.53396427901356
2023-07-24,121342.0,4.777400016784668,165.61803566879155
2023-07-25,122008.0,4.725500106811523,165.70214975674705
2023-07-26,122560.0,4.748899936676025,165.7863065645655
2023-07-27,119990.0,4.736199855804443,165.87050611394352
2023-07-28,120187.0,4.741600036621094,165.95474842658865
2023-07-31,121943.0,4.723299980163574,166.03903352421955
2023-08-01,121248.0,4.724699974060059,166.12336142856586
2023-08-02,120859.0,4.791999816894531,166.2077321613682
2023-08-03,120586.0,4.810400009155273,166.28923544698816
2023-08-04,119508.0,4.916399955749512,166.37077869937434
2023-08-07,119380.0,4.88539981842041,166.45236193812516
2023-08-08,119090.0,4.89900016784668,166.53398518284877
2023-08-09,118409.0,4.898600101470947,166.6156484531629
2023-08-10,118350.0,4.901700019836426,166.6973517686949
2023-08-11,118065.0,4.891499996185303,166.7790951490817
2023-08-14,116810.0,4.910999774932861,166.86087861397
2023-08-15,116171.0,4.962100028991699,166.9427021830159
2023-08-16,115592.0,4.9832000732421875,167.0245658758854
2023-08-17,114982.0,4.9868998527526855,167.10646971225398
2023-08-18,115409.0,4.975500106811523,167.1884137118068
2023-08-21,114429.0,4.966899871826172,167.27039789423864
2023-08-22,116156.0,4.978700160980225,167.35242227925406
2023-08-23,118135.0,4.937099933624268,167.43448688656716
2023-08-24,117026.0,4.855100154876709,167.51659173590173
2023-08-25,115837.0,4.880300045013428,167.59873684699127
2023-08-28,117121.0,4.8703999519348145,167.68092223957893
2023-08-29,118404.0,4.872600078582764,167.76314793341757
2023-08-30,117535.0,4.85129976272583,167.8454139482697
2023-08-31,115742.0,4.888400077819824,167.92772030390753
2023-09-01,117893.0,4.953800201416016,168.01006702011296
2023-09-04,117777.0,4.97629976272583,168.09245411667763
2023-09-05,117331.0,4.936200141906738,168.17488161340285
2023-09-06,115985.0,4.966700077056885,168.25734953009962
2023-09-07,115985.0,4.9770002365112305,168.25734953009962
2023-09-08,115313.0,4.976099967956543,168.3398578865887
2023-09-11,116883.0,4.982999801635742,168.42240670270056
2023-09-12,117968.0,4.9293999671936035,168.50499599827535
2023-09-13,118176.0,4.946599960327148,168.58762579316306
2023-09-14,119392.0,4.91540002822876,168.67029610722324
2023-09-15,118758.0,4.868199825286865,168.75300696032537
2023-09-18,118288.0,4.867000102996826,168.8357583723485
2023-09-19,117846.0,4.853700160980225,168.91855036318157
2023-09-20,118695.0,4.865799903869629,169.00138295272316
2023-09-21,116145.0,4.878799915313721,169.08128511656935
2023-09-22,116009.0,4.934899806976318,169.1612250573596
2023-09-25,115925.0,4.933899879455566,169.24120279295445
2023-09-26,114193.0,4.968299865722656,169.3212183412229
2023-09-27,114327.0,4.986199855804443,169.40127172004244
2023-09-28,115731.0,5.042200088500977,169.48136294729895
2023-09-29,116565.0,5.032800197601318,169.56149204088678
2023-10-02,115057.0,5.042799949645996,169.64165901870876
2023-10-03,113419.0,5.061500072479248,169.7218638986762
2023-10-04,113607.0,5.166299819946289,169.8021066987088
2023-10-05,113284.0,5.154600143432617,169.88238743673486
2023-10-06,114170.0,5.164999961853027,169.96270613069106
2023-10-09,115156.0,5.145699977874756,170.04306279852258
2023-10-10,116737.0,5.135200023651123,170.12345745818308
2023-10-11,117051.0,5.051000118255615,170.2038901276347
2023-10-12,117051.0,5.049600124359131,170.2038901276347
2023-10-13,115754.0,5.045899868011475,170.28436082484814
2023-10-16,116534.0,5.0482001304626465,170.3648695678025
2023-10-17,115908.0,5.037600040435791,170.44541637448543
2023-10-18,114060.0,5.037399768829346,170.5260012628931
2023-10-19,114004.0,5.056099891662598,170.60662425103018
2023-10-20,113155.0,5.062900066375732,170.6872853569098
2023-10-23,112785.0,5.031300067901611,170.76798459855368
2023-10-24,113762.0,5.01230001449585,170.848721993992
2023-10-25,112830.0,4.991000175476074,170.92949756126353
2023-10-26,114777.0,4.994699954986572,171.0103113184155
2023-10-27,113301.0,4.985300064086914,171.0911632835037
2023-10-30,112532.0,4.952030181884766,171.1720534745925
2023-10-31,113144.0,5.04610013961792,171.25298190975474
2023-11-01,115053.0,5.03410005569458,171.33394860707182
2023-11-02,115053.0,4.953700065612793,171.33394860707182
2023-11-03,118160.0,4.952899932861328,171.41192782710135
2023-11-06,118487.0,4.899199962615967,171.48994253781328
2023-11-07,119268.0,4.884099960327148,171.56799275536054
2023-11-08,119099.0,4.871500015258789,171.64607849590325
2023-11-09,119012.0,4.909299850463867,171.7241997756091
2023-11-10,120636.0,4.933899879455566,171.80235661065296
2023-11-13,120376.0,4.893379211425781,171.88054901721713
2023-11-14,123328.0,4.906199932098389,171.95877701149135
2023-11-15,123328.0,4.864500045776367,171.95877701149135
2023-11-16,124576.0,4.860899925231934,172.03704060967257
2023-11-17,125062.0,4.862199783325195,172.11533982796524
2023-11-20,126095.0,4.819177150726318,172.19367468258116
2023-11-21,125607.0,4.851799964904785,172.27204518973943
2023-11-22,126035.0,4.8993000984191895,172.35045136566666
2023-11-23,126576.0,4.9054999351501465,172.4288932265967
2023-11-24,125542.0,4.902500152587891,172.50737078877088
2023-11-27,125683.0,4.900899887084961,172.585884068438
2023-11-28,126538.0,4.895500183105469,172.66443308185404
2023-11-29,126101.0,4.869800090789795,172.7430178452826
2023-11-30,127331.0,4.904099941253662,172.8216383749945
2023-12-01,128103.0,4.923099994659424,172.90029468726812
2023-12-04,126803.0,4.902159214019775,172.97898679838912
2023-12-05,126903.0,4.9430999755859375,173.05771472465065
2023-12-06,125623.0,4.927700042724609,173.13647848235328
2023-12-07,126010.0,4.901199817657471,173.21527808780496
2023-12-08,127094.0,4.910099983215332,173.29411355732105
2023-12-11,126916.0,4.893286228179932,173.3729849072244
2023-12-12,126403.0,4.936699867248535,173.45189215384522
2023-12-13,129465.0,4.9644999504089355,173.5308353135212
2023-12-14,130842.0,4.918399810791016,173.60673596557902
2023-12-15,130197.0,4.914599895477295,173.682669815823
2023-12-18,131084.0,4.919657230377197,173.75863687877379
2023-12-19,131851.0,4.895899772644043,173.83463716895818
2023-12-20,130804.0,4.866499900817871,173.91067070090952
2023-12-21,132182.0,4.914599895477295,173.9867374891674
2023-12-22,132753.0,4.881800174713135,174.06283754827783
2023-12-25,132753.0,4.86984395980835,174.06283754827783
2023-12-26,133533.0,4.869743824005127,174.13897089279308
2023-12-27,134194.0,4.813499927520752,174.21513753727191
2023-12-28,134185.0,4.826099872589111,174.29133749627937
2023-12-29,134185.0,4.850200176239014,174.36757078438688
2024-01-01,134185.0,4.850500106811523,174.36757078438688
2024-01-02,132697.0,4.852399826049805,174.44383741617227
2024-01-03,132834.0,4.922500133514404,174.52013740621973
2024-01-04,131226.0,4.9191999435424805,174.59647076911986
2024-01-05,132023.0,4.895599842071533,174.67283751946957
2024-01-08,132427.0,4.8606672286987305,174.74923767187224
2024-01-09,131447.0,4.86899995803833,174.82567124093757
2024-01-10,130841.0,4.905099868774414,174.90213824128168
2024-01-11,130649.0,4.89139986038208,174.97863868752702
2024-01-12,130988.0,4.869699954986572,175.05517259430258
2024-01-15,131521.0,4.85290002822876,175.13173997624364
2024-01-16,129294.0,4.862199783325195,175.20834084799185
2024-01-17,128524.0,4.924900054931641,175.28497522419536
2024-01-18,127316.0,4.934000015258789,175.3616431195087
2024-01-19,127636.0,4.92609977722168,175.43834454859274
2024-01-22,126602.0,4.904642105102539,175.51507952611487
2024-01-23,128263.0,4.98829984664917,175.5918480667488
2024-01-24,127816.0,4.952199935913086,175.66865018517476
2024-01-25,128169.0,4.932499885559082,175.74548589607926
2024-01-26,128967.0,4.915800094604492,175.82235521415538
2024-01-29,128503.0,4.913599967956543,175.8992581541025
2024-01-30,127402.0,4.950200080871582,175.97619473062653
2024-01-31,127752.0,4.950300216674805,176.0531649584398
2024-02-01,128481.0,4.951900005340576,176.1270315848614
2024-02-02,127182.0,4.914999961853027,176.20092920350348
2024-02-05,127593.0,4.932938098907471,176.2748578273694
2024-02-06,130416.0,4.9499430656433105,176.34881746946803
2024-02-07,129608.0,4.962299823760986,176.42280814281372
2024-02-08,128217.0,4.969299793243408,176.4968298604262
2024-02-09,128026.0,4.9918999671936035,176.57088263533075
2024-02-12,128026.0,4.953100204467773,176.57088263533075
2024-02-13,128026.0,4.952199935913086,176.57088263533075
2024-02-14,127018.0,4.952000141143799,176.64496648055808
2024-02-15,127804.0,4.968299865722656,176.7190814091443
2024-02-16,128726.0,4.972400188446045,176.79322743413115
2024-02-19,129036.0,4.965099811553955,176.8674045685657
2024-02-20,129916.0,4.956399917602539,176.94161282550053
2024-02-21,130032.0,4.926400184631348,177.01585221799374
2024-02-22,130241.0,4.934899806976318,177.09012275910885
2024-02-23,129419.0,4.962399959564209,177.1644244619149
2024-02-26,129609.0,4.993500232696533,177.23875733948637
2024-02-27,131689.0,4.978899955749512,177.3131214049033
2024-02-28,130155.0,4.932400226593018,177.38751667125118
2024-02-29,129020.0,4.967299938201904,177.46194315162097
2024-03-01,129180.0,4.969799995422363,177.53640085910908
2024-03-04,128341.0,4.952700138092041,177.61088980681757
2024-03-05,128098.0,4.944900035858154,177.68541000785382
2024-03-06,128890.0,4.957099914550781,177.75996147533078
2024-03-07,128340.0,4.943600177764893,177.834544222367
2024-03-08,127071.0,4.933800220489502,177.90915826208638
2024-03-11,126124.0,4.977540016174316,177.9838036076184
2024-03-12,127668.0,4.977399826049805,178.05848027209805
2024-03-13,128006.0,4.968699932098389,178.13318826866583
2024-03-14,127690.0,4.969200134277344,178.20792761046772
2024-03-15,126742.0,4.992700099945068,178.28269831065523
2024-03-18,126954.0,4.968047142028809,178.35750038238544
2024-03-19,127529.0,5.029399871826172,178.43233383882088
2024-03-20,129125.0,5.03000020980835,178.50719869312965
2024-03-21,128159.0,4.96619987487793,178.5789014647007
2024-03-22,127027.0,4.9745001792907715,178.65063303784103
2024-03-25,126931.0,5.000899791717529,178.72239342411967
2024-03-26,126863.0,4.9721999168396,178.79418263511027
2024-03-27,127691.0,4.9756999015808105,178.86600068239113
2024-03-28,128106.0,4.990300178527832,178.93784757754523
2024-03-29,128106.0,5.014100074768066,178.93784757754523
2024-04-01,126990.0,5.013199806213379,179.00972333216018
2024-04-02,127549.0,5.053599834442139,179.08162795782823
2024-04-03,127318.0,5.0644001960754395,179.15356146614633
2024-04-04,127428.0,5.038599967956543,179.22552386871604
2024-04-05,126795.0,5.057400226593018,179.29751517714362
2024-04-08,128857.0,5.054900169372559,179.36953540303998
2024-04-09,129890.0,5.023900032043457,179.44158455802065
2024-04-10,128054.0,5.007599830627441,179.51366265370592
2024-04-11,127396.0,5.066199779510498,179.58576970172064
2024-04-12,125946.0,5.090400218963623,179.65790571369442
2024-04-15,125334.0,5.117099761962891,179.7300707012615
2024-04-16,124389.0,5.183700084686279,179.8022646760608
2024-04-17,124171.0,5.2855000495910645,179.87448764973584
2024-04-18,124196.0,5.232600212097168,179.94673963393498
2024-04-19,125124.0,5.241700172424316,180.0190206403111
2024-04-22,125573.0,5.206200122833252,180.09133068052193
2024-04-23,125148.0,5.1656999588012695,180.16366976622967
2024-04-24,124741.0,5.130499839782715,180.23603790910136
2024-04-25,124646.0,5.145500183105469,180.30843512080867
2024-04-26,126526.0,5.158599853515625,180.38086141302801
2024-04-29,127352.0,5.115499973297119,180.45331679744038
2024-04-30,125924.0,5.117000102996826,180.52580128573157
2024-05-01,125924.0,5.193900108337402,180.52580128573157
2024-05-02,127122.0,5.194399833679199,180.59831488959202
2024-05-03,128509.0,5.110300064086914,180.67085762071687
2024-05-06,128466.0,5.070899963378906,180.74342949080597
2024-05-07,129210.0,5.074900150299072,180.8160305115638
2024-05-08,129481.0,5.073299884796143,180.8886606946997
2024-05-09,128188.0,5.087900161743164,180.95969567175447
2024-05-10,127600.0,5.1407999992370605,181.03075854424475
2024-05-13,128155.0,5.123260021209717,181.10184932312507
2024-05-14,128515.0,5.154200077056885,181.17296801935424
2024-05-15,128028.0,5.127799987792969,181.24411464389541
2024-05-16,128284.0,5.133600234985352,181.31528920771603
2024-05-17,128151.0,5.128600120544434,181.38649172178788
2024-05-20,127751.0,5.1020002365112305,181.45772219708704
2024-05-21,127412.0,5.103099822998047,181.5289806445938
2024-05-22,125650.0,5.1219000816345215,181.60026707529292
2024-05-23,124729.0,5.151100158691406,181.67158150017335
2024-05-24,124306.0,5.143099784851074,181.74292393022847
2024-05-27,124496.0,5.1697998046875,181.81429437645585
2024-05-28,123780.0,5.1717000007629395,181.88569284985746
2024-05-29,122707.0,5.161300182342529,181.9571193614396
2024-05-30,122707.0,5.202099800109863,181.9571193614396
2024-05-31,122098.0,5.202099800109863,182.02857392221281
2024-06-03,122032.0,5.2444000244140625,182.10005654319207
2024-06-04,121802.0,5.249000072479248,182.17156723539657
2024-06-05,121407.0,5.287700176239014,182.24310600984987
2024-06-06,122899.0,5.3003997802734375,182.3146728775799
2024-06-07,120767.0,5.2571001052856445,182.38626784961895
2024-06-10,120760.0,5.270441055297852,182.45789093700347
2024-06-11,121635.0,5.352799892425537,182.5295421507744
2024-06-12,119936.0,5.3649001121521,182.60122150197702
2024-06-13,119568.0,5.401000022888184,182.67292900166083
2024-06-14,119662.0,5.361599922180176,182.74466466087978
2024-06-17,119138.0,5.3572001457214355,182.8164284906921
2024-06-18,119630.0,5.423999786376953,182.88822050216035
2024-06-19,120261.0,5.439899921417236,182.96004070635155
2024-06-20,120446.0,5.422399997711182,183.03188911433693
2024-06-21,121341.0,5.452400207519531,183.1037657371921
2024-06-24,122637.0,5.426126003265381,183.1756705859971
2024-06-25,122331.0,5.3892998695373535,183.2476036718362
2024-06-26,122641.0,5.450699806213379,183.31956500579813
2024-06-27,124308.0,5.522500038146973,183.39155459897586
2024-06-28,123907.0,5.500500202178955,183.46357246246689
2024-07-01,124718.0,5.591899871826172,183.53561860737287
2024-07-02,124787.0,5.65500020980835,183.60769304479996
2024-07-03,125662.0,5.67549991607666,183.67979578585863
2024-07-04,126164.0,5.5553998947143555,183.7519268416637
2024-07-05,126267.0,5.486400127410889,183.8240862233344
2024-07-08,126548.0,5.471290111541748,183.8962739419943
2024-07-09,127108.0,5.470399856567383,183.9684900087713
2024-07-10,127218.0,5.417099952697754,184.04073443479774
2024-07-11,128294.0,5.414700031280518,184.11300723121028
2024-07-12,128897.0,5.438000202178955,184.18530840914994
2024-07-15,129321.0,5.422800064086914,184.2576379797622
2024-07-16,129110.0,5.446800231933594,184.32999595419685
2024-07-17,129450.0,5.424300193786621,184.40238234360805
2024-07-18,127652.0,5.48769998550415,184.47479715915435
2024-07-19,127616.0,5.5432000160217285,184.54724041199876
2024-07-22,127860.0,5.520872116088867,184.6197121133085
2024-07-23,126590.0,5.570700168609619,184.6922122742554
2024-07-24,126423.0,5.585299968719482,184.7647409060155
2024-07-25,125954.0,5.653600215911865,184.83729801976926
2024-07-26,127492.0,5.643099784851074,184.90988362670163
2024-07-29,126954.0,5.622840881347656,184.98249773800183
2024-07-30,126139.0,5.614500045776367,185.05514036486352
2024-07-31,127652.0,5.611100196838379,185.12781151848478
2024-08-01,127395.0,5.656599998474121,185.2005112100681
2024-08-02,125854.0,5.7505998611450195,185.27323945082026
2024-08-05,125270.0,5.7266998291015625,185.34599625195258
2024-08-06,126267.0,5.720900058746338,185.41878162468072
2024-08-07,127514.0,5.6554999351501465,185.4915955802247
2024-08-08,128661.0,5.635799884796143,185.56443812980902
2024-08-09,130615.0,5.54610013961792,185.63730928466256
2024-08-12,131116.0,5.50629997253418,185.71020905601864
2024-08-13,132398.0,5.4918999671936035,185.7831374551149
2024-08-14,133318.0,5.455699920654297,185.85609449319352
2024-08-15,134153.0,5.468900203704834,185.929080181501
2024-08-16,133953.0,5.484899997711182,186.00209453128826
2024-08-19,135778.0,5.47130012512207,186.0751375538107
2024-08-20,136087.0,5.405600070953369,186.14820926032806
2024-08-21,136464.0,5.478099822998047,186.22130966210455
2024-08-22,135173.0,5.482500076293945,186.29443877040885
2024-08-23,135608.0,5.59089994430542,186.36759659651398
2024-08-26,136889.0,5.485400199890137,186.4407831516974
2024-08-27,136776.0,5.495699882507324,186.51399844724102
2024-08-28,137344.0,5.507900238037109,186.58724249443125
2024-08-29,136041.0,5.56220006942749,186.6605153045588
2024-08-30,136004.0,5.627699851989746,186.73381688891888
2024-09-02,134981.0,5.6092000007629395,186.80714725881114
2024-09-03,134353.0,5.615099906921387,186.88050642553966
2024-09-04,136111.0,5.647500038146973,186.95389440041293
2024-09-05,136502.0,5.642000198364258,187.02731119474396
2024-09-06,134572.0,5.567500114440918,187.10075681985012
2024-09-09,134737.0,5.59660005569458,187.17423128705326
2024-09-10,134320.0,5.5843000411987305,187.24773460767966
2024-09-11,134677.0,5.662899971008301,187.3212667930601
2024-09-12,134029.0,5.667399883270264,187.39482785452972
2024-09-13,134882.0,5.625699996948242,187.46841780342817
2024-09-16,135118.0,5.612370014190674,187.54203665109955
2024-09-17,134960.0,5.503900051116943,187.61568440889243
2024-09-18,133748.0,5.4816999435424805,187.68936108815979
2024-09-19,133123.0,5.460999965667725,187.76475215072168
2024-09-20,131065.0,5.423900127410889,187.84017349636557
2024-09-23,130568.0,5.513599872589111,187.9156251372556
2024-09-24,132156.0,5.536099910736084,187.9911070855607
2024-09-25,131586.0,5.449699878692627,188.06661935345485
2024-09-26,133010.0,5.473800182342529,188.14216195311676
2024-09-27,132730.0,5.436699867248535,188.21773489673006
2024-09-30,131816.0,5.433199882507324,188.29333819648338
2024-10-01,132495.0,5.448500156402588,188.36897186457014
2024-10-02,133515.0,5.423999786376953,188.4446359131887
2024-10-03,131672.0,5.440299987792969,188.5203303545423
2024-10-04,131792.0,5.47629976272583,188.59605520083912
2024-10-07,132018.0,5.4542999267578125,188.67181046429218
2024-10-08,131512.0,5.494200229644775,188.74759615711946
2024-10-09,129962.0,5.5346999168396,188.82341229154383
2024-10-10,130353.0,5.596099853515625,188.8992588797931
2024-10-11,129992.0,5.581699848175049,188.97513593409994
2024-10-14,131005.0,5.610599994659424,189.05104346670194
2024-10-15,131043.0,5.594699859619141,189.12698148984163
2024-10-16,131750.0,5.6519999504089355,189.20295001576648
2024-10-17,130793.0,5.668000221252441,189.2789490567288
2024-10-18,130499.0,5.651800155639648,189.3549786249859
2024-10-21,130362.0,5.635900020599365,189.43103873279995
2024-10-22,129721.0,5.6880998611450195,189.50712939243815
2024-10-23,129233.0,5.689300060272217,189.5832506161725
2024-10-24,130067.0,5.686500072479248,189.65940241628
2024-10-25,129893.0,5.664000034332275,189.73558480504255
2024-10-28,131213.0,5.685812950134277,189.81179779474704
2024-10-29,130730.0,5.71019983291626,189.8880413976852
2024-10-30,130639.0,5.760000228881836,189.96431562615385
2024-10-31,129713.0,5.76230001449585,190.04062049245454
2024-11-01,128121.0,5.789400100708008,190.11695600889394
2024-11-04,130515.0,5.677525997161865,190.19332218778356
2024-11-05,130661.0,5.790599822998047,190.26971904143997
2024-11-06,130341.0,5.739799976348877,190.34614658218453
2024-11-07,129682.0,5.674799919128418,190.426010114906
2024-11-08,127830.0,5.690999984741211,190.50590715596994
2024-11-11,127874.0,5.736400127410889,190.58583771943537
2024-11-12,127698.0,5.75540018081665,190.66580181936732
2024-11-13,127734.0,5.748199939727783,190.74579946983667
2024-11-14,127792.0,5.8059000968933105,190.82583068492025
2024-11-15,127792.0,5.788300037384033,190.82583068492025
2024-11-18,127768.0,5.794600009918213,190.90589547870073
2024-11-19,128197.0,5.746399879455566,190.98599386526672
2024-11-20,128197.0,5.7718000411987305,190.98599386526672
2024-11-21,126922.0,5.770699977874756,191.06612585871278
2024-11-22,129126.0,5.8140997886657715,191.14629147313934
2024-11-25,129036.0,5.799300193786621,191.22649072265273
2024-11-26,129922.0,5.7972002029418945,191.30672362136522
2024-11-27,127669.0,5.809599876403809,191.38699018339506
2024-11-28,124610.0,5.937399864196777,191.4672904228663
2024-11-29,125668.0,6.013899803161621,191.54762435390901
2024-12-02,125236.0,5.973199844360352,191.62799199065918
2024-12-03,126139.0,6.05679988861084,191.70839334725872
2024-12-04,126087.0,6.043099880218506,191.78882843785544
2024-12-05,127858.0,6.03879976272583,191.8692972766031
2024-12-06,125946.0,6.010300159454346,191.94979987766146
2024-12-09,127210.0,6.0883002281188965,192.03033625519612
2024-12-10,128228.0,6.076600074768066,192.1109064233787
2024-12-11,129593.0,6.045300006866455,192.19151039638678
2024-12-12,126042.0,5.952700138092041,192.2789825185135
2024-12-13,124612.0,5.996099948883057,192.36649445182712
2024-12-16,123560.0,6.040900230407715,192.45404621444698
2024-12-17,124698.0,6.147299766540527,192.54163782450055
2024-12-18,120772.0,6.1031999588012695,192.6292693001236
2024-12-19,121188.0,6.288899898529053,192.71694065946016
2024-12-20,122102.0,6.151599884033203,192.8046519206625
2024-12-23,120767.0,6.084199905395508,192.89240310189112
2024-12-24,120767.0,6.193900108337402,192.9801942213149
2024-12-25,120767.0,6.175600051879883,192.9801942213149
2024-12-26,121078.0,6.182799816131592,193.06802529711084
2024-12-27,120269.0,6.148499965667725,193.1558963474643
2024-12-30,120283.0,6.193699836730957,193.24380739056892
2024-12-31,120283.0,6.1778998374938965,193.3317584446266
2025-01-02,120125.0,6.300000190734863,193.41974952784747
2025-01-03,118533.0,6.151000022888184,193.5077806584501
2025-01-06,120022.0,6.180699825286865,193.59585185466116
2025-01-07,121163.0,6.115499973297119,193.68396313471578
2025-01-08,119625.0,6.100900173187256,193.77211451685727
2025-01-09,119781.0,6.105800151824951,193.86030601933732
2025-01-10,118856.0,6.034599781036377,193.94853766041592
2025-01-13,119007.0,6.105899810791016,194.0368094583613
2025-01-14,119299.0,6.093400001525879,194.12512143145005
2025-01-15,122650.0,6.054800033569336,194.21347359796715
2025-01-16,121234.0,6.012199878692627,194.3018659762058
2025-01-17,122350.0,6.049900054931641,194.39029858446753
2025-01-20,122543.0,6.066163063049316,194.47877144106226
2025-01-21,123338.0,6.029799938201904,194.56728456430824
2025-01-22,122972.0,6.020500183105469,194.655837972532
2025-01-23,122483.0,5.940299987792969,194.74443168406842
2025-01-24,122447.0,5.923999786376953,194.83306571726078
2025-01-27,124862.0,5.90910005569458,194.92174009046067
2025-01-28,124056.0,5.892600059509277,195.01045482202804
2025-01-29,123432.0,5.856100082397461,195.0992099303312
2025-01-30,126913.0,5.8566999435424805,195.19488072990475
2025-01-31,126135.0,5.874499797821045,195.29059844356829
2025-02-03,125970.0,5.84060001373291,195.38636309432707
2025-02-04,125147.0,5.80620002746582,195.48217470519765
2025-02-05,125534.0,5.7571001052856445,195.57803329920785
2025-02-06,126225.0,5.8028998374938965,195.6739388993968
2025-02-07,124619.0,5.760499954223633,195.7698915288149
2025-02-10,125572.0,5.803199768066406,195.8658912105239
2025-02-11,126522.0,5.786900043487549,195.9619379675968
2025-02-12,124380.0,5.764500141143799,196.05803182311797
2025-02-13,124850.0,5.764400005340576,196.1541728001831
2025-02-14,128219.0,5.766900062561035,196.25036092189913
2025-02-17,128869.0,5.701200008392334,196.34659621138442
2025-02-18,128532.0,5.712100028991699,196.44287869176858
2025-02-19,127309.0,5.688600063323975,196.5392083861927
2025-02-20,127601.0,5.720300197601318,196.63558531780905
2025-02-21,127128.0,5.701300144195557,196.73200950978136
2025-02-24,125401.0,5.730999946594238,196.8284809852847
2025-02-25,125980.0,5.7778000831604,196.92499976750545
2025-02-26,124769.0,5.740300178527832,197.02156587964146
2025-02-27,124799.0,5.801700115203857,197.11817934490188
2025-02-28,122799.0,5.839000225067139,197.21484018650725
2025-03-03,122799.0,5.88040018081665,197.21484018650725
2025-03-04,122799.0,6.020500183105469,197.21484018650725
2025-03-05,123047.0,5.885700225830078,197.31154842768953
2025-03-06,123358.0,5.740099906921387,197.408304091692
2025-03-07,125035.0,5.763000011444092,197.50510720176945
2025-03-10,124519.0,5.782899856567383,197.60195778118802
2025-03-11,123507.0,5.85290002822876,197.69885585322518
2025-03-12,123864.0,5.808599948883057,197.7958014411699
2025-03-13,125637.0,5.797800064086914,197.89279456832264
2025-03-14,128957.0,5.798500061035156,197.98983525799514
2025-03-17,130834.0,5.740600109100342,198.0869235335106
2025-03-18,131475.0,5.678069114685059,198.18405941820373
2025-03-19,132508.0,5.672100067138672,198.28124293542066
2025-03-20,131955.0,5.648099899291992,198.38540205514707
2025-03-21,132345.0,5.673900127410889,198.48961589070066
2025-03-24,131321.0,5.729599952697754,198.5938844708242
2025-03-25,132068.0,5.760799884796143,198.69820782427556
2025-03-26,132520.0,5.698400020599365,198.80258597982774
2025-03-27,133149.0,5.733500003814697,198.90701896626882
2025-03-28,131902.0,5.739299774169922,199.011506812402
2025-03-31,130260.0,5.7581000328063965,199.1160495470456
2025-04-01,131147.0,5.698400020599365,199.22064719903315
2025-04-02,131190.0,5.681300163269043,199.3252997972133
2025-04-03,131141.0,5.663700103759766,199.43000737044977
2025-04-04,127256.0,5.6305999755859375,199.53476994762156
2025-04-07,125588.0,5.840030193328857,199.63958755762275
2025-04-08,123932.0,5.913599967956543,199.74446022936263
2025-04-09,127796.0,6.013299942016602,199.84938799176572
2025-04-10,126355.0,5.8180999755859375,199.9543708737717
2025-04-11,127682.0,5.884300231933594,200.0594089043354
2025-04-14,129454.0,5.864200115203857,200.16450211242693
2025-04-15,129245.0,5.8541998863220215,200.26965052703162
2025-04-16,128317.0,5.8846001625061035,200.37485417714996
2025-04-17,129650.0,5.8653998374938965,200.48011309179773
2025-04-22,130464.0,5.80709981918335,200.58542730000602
2025-04-23,132216.0,5.719900131225586,200.69079683082097
2025-04-24,134580.0,5.703400135040283,200.7962217133042
2025-04-25,134739.0,5.678699970245361,200.90170197653242
2025-04-28,135016.0,5.684700012207031,201.00723764959773
2025-04-29,135093.0,5.652900218963623,201.11282876160743
2025-04-30,135067.0,5.619999885559082,201.21847534168418
2025-05-01,135067.0,5.672900199890137,201.21847534168418
2025-05-02,135134.0,5.67710018157959,201.32417741896595
2025-05-05,133491.0,5.666900157928467,201.42993502260592
2025-05-06,133516.0,5.686299800872803,201.53574818177265
2025-05-07,133398.0,5.712800025939941,201.64161692565
2025-05-08,136232.0,5.74459981918335,201.75103976549087
2025-05-09,136512.0,5.661600112915039,201.86052198473004
2025-05-12,136563.0,5.648200035095215,201.97006361559028
2025-05-13,138963.0,5.6697998046875,202.07966469031194
2025-05-14,138423.0,5.60046911239624,202.18932524115277
2025-05-15,139334.0,5.636499881744385,202.29904530038812
2025-05-16,139187.0,5.681300163269043,202.40882490031083
2025-05-19,139636.0,5.6586737632751465,202.51866407323124
2025-05-20,140110.0,5.644499778747559,202.6285628514772
2025-05-21,137881.0,5.667300224304199,202.7385212673942
2025-05-22,137273.0,5.644700050354004,202.84853935334516
2025-05-23,137824.0,5.71619987487793,202.95861714171065
2025-05-26,138136.0,5.645199775695801,203.0687546648888
2025-05-27,139541.0,5.666600227355957,203.17895195529525
2025-05-28,138888.0,5.637400150299072,203.2892090453633
2025-05-29,138534.0,5.688700199127197,203.39952596754384
2025-05-30,137027.0,5.66510009765625,203.5099027543054
2025-06-02,136787.0,5.720799922943115,203.62033943813404
2025-06-03,137546.0,5.672399997711182,203.73083605153357
2025-06-04,137002.0,5.637800216674805,203.84139262702533
2025-06-05,136236.0,5.6321001052856445,203.9520091971483
2025-06-06,136102.0,5.58459997177124,204.06268579445924
2025-06-09,135699.0,5.562699794769287,204.17342245153245
2025-06-10,136436.0,5.557000160217285,204.28421920096
2025-06-11,137128.0,5.5721001625061035,204.3950760753516
2025-06-12,137800.0,5.535799980163574,204.50599310733466
2025-06-13,137213.0,5.537300109863281,204.6169703295543
2025-06-16,139256.0,5.538899898529053,204.72800777467333
2025-06-17,138840.0,5.490799903869629,204.83910547537235
2025-06-18,138717.0,5.493000030517578,204.9502634643496
2025-06-19,138717.0,5.485199928283691,204.9502634643496
2025-06-20,137116.0,5.489999771118164,205.06325459410016
2025-06-23,136551.0,5.518400192260742,205.17630801699042
2025-06-24,137165.0,5.493800163269043,205.2894237673633
2025-06-25,135767.0,5.510300159454346,205.4026018795805
2025-06-26,137114.0,5.5578999519348145,205.51584238802275
2025-06-27,136866.0,5.477099895477295,205.6291453270897
2025-06-30,138855.0,5.478400230407715,205.7425107312
2025-07-01,139549.0,5.430200099945068,205.85593863479124
2025-07-02,139051.0,5.458799839019775,205.96942907232
2025-07-03,140928.0,5.426400184631348,206.08298207826186
2025-07-04,141478.0,5.409299850463867,206.19659768711145
2025-07-07,139490.0,5.419400215148926,206.31027593338237
2025-07-08,139303.0,5.48769998550415,206.4240168516072
2025-07-09,137481.0,5.446100234985352,206.53782047633769
2025-07-10,136743.0,5.5817999839782715,206.6516868421445
2025-07-11,136187.0,5.531099796295166,206.76561598361744
2025-07-14,135299.0,5.571899890899658,206.87960793536539
2025-07-15,135250.0,5.586999893188477,206.99366273201622
2025-07-16,135511.0,5.5510029792785645,207.10778040821705
2025-07-17,135565.0,5.5665998458862305,207.22196099863393
2025-07-18,133382.0,5.546599864959717,207.33620453795209
2025-07-21,134167.0,5.578100204467773,207.45051106087593
2025-07-22,134036.0,5.565499782562256,207.5648806021289
2025-07-23,135368.0,5.563899993896484,207.6793131964537
2025-07-24,133808.0,5.51639986038208,207.79380887861203
2025-07-25,133524.0,5.519999980926514,207.9083676833849
2025-07-28,132129.0,5.565199851989746,208.02298964557244
2025-07-29,132726.0,5.5868000984191895,208.13767479999393
2025-07-30,133990.0,5.573200225830078,208.25242318148796
2025-07-31,133071.0,5.575399875640869,208.36723482491215
2025-08-01,132437.0,5.598800182342529,208.48210976514346
2025-08-04,132971.0,5.537899971008301,208.5970480370781
2025-08-05,133151.0,5.496099948883057,208.71204967563145
2025-08-06,134538.0,5.502999782562256,208.8271147157381
2025-08-07,136528.0,5.458899974822998,208.9422431923521
2025-08-08,135913.0,5.414299964904785,209.05743514044647
2025-08-11,135623.0,5.432300090789795,209.17269059501376
2025-08-12,137914.0,5.442299842834473,209.28800959106573
2025-08-13,136687.0,5.401199817657471,209.40339216363338
2025-08-14,136356.0,5.391200065612793,209.51883834776717
2025-08-15,136341.0,5.40910005569458,209.63434817853667
2025-08-18,137322.0,5.400400161743164,209.749921691031
2025-08-19,134432.0,5.435699939727783,209.8655589203585
2025-08-20,134667.0,5.497600078582764,209.9812599016469
2025-08-21,134511.0,5.469161033630371,210.09702467004328
2025-08-22,137968.0,5.464799880981445,210.21285326071416
2025-08-25,138025.0,5.421299934387207,210.32874570884533
2025-08-26,137771.0,5.4096999168396,210.4447020496421
2025-08-27,139206.0,5.43120002746582,210.56072231832908
2025-08-28,141049.0,5.417699813842773,210.67680655015045
2025-08-29,141422.0,5.413000106811523,210.7929547803696
2025-09-01,141125.0,5.432400226593018,210.9091670442696
2025-09-02,140335.0,5.438399791717529,211.02544337715278
2025-09-03,139864.0,5.4670000076293945,211.14178381434107
2025-09-04,140993.0,5.4481000900268555,211.25818839117576
2025-09-05,142640.0,5.443999767303467,211.37465714301774
2025-09-08,141792.0,5.412199974060059,211.49119010524728
2025-09-09,141618.0,5.420300006866455,211.60778731326423
2025-09-10,142349.0,5.433599948883057,211.72444880248796
2025-09-11,143151.0,5.4019999504089355,211.84117460835728
2025-09-12,142272.0,5.388199806213379,211.95796476633063
2025-09-15,143547.0,5.35099983215332,212.074819311886
2025-09-16,144062.0,5.315199851989746,212.19173828052084
2025-09-17,145594.0,5.29580020904541,212.30872170775226
2025-09-18,145500.0,5.310100078582764,212.42576962911696
2025-09-19,145865.0,5.304299831390381,212.54288208017124
2025-09-22,145109.0,5.320499897003174,212.6600590964909
2025-09-23,146425.0,5.3343000411987305,212.77730071367137
2025-09-24,146492.0,5.281599998474121,212.89460696732786
2025-09-25,145306.0,5.329899787902832,213.01197789309504
2025-09-26,145447.0,5.363699913024902,213.12941352662733
2025-09-29,146337.0,5.3422532081604,213.2469139035987
2025-09-30,146237.0,5.321700096130371,213.36447905970292
2025-10-01,145517.0,5.319499969482422,213.48210903065333
2025-10-02,143950.0,5.328800201416016,213.59980385218304
2025-10-03,144201.0,5.336599826812744,213.71756356004482
2025-10-06,143608.0,5.33459997177124,213.83538819001114
2025-10-07,141356.0,5.311200141906738,213.95327777787423
2025-10-08,142145.0,5.353799819946289,214.071232359446
2025-10-09,141708.0,5.33519983291626,214.18925197055808
2025-10-10,140680.0,5.377200126647949,214.307336647062
2025-10-13,141783.0,5.5229997634887695,214.4254864248289
2025-10-14,141683.0,5.464099884033203,214.54370133974982
2025-10-15,142604.0,5.481500148773193,214.66198142773544
2025-10-16,142200.0,5.4492998123168945,214.78032672471636
2025-10-17,143399.0,5.440814971923828,214.89873726664297
2025-10-20,144509.0,5.406099796295166,215.01721308948544
2025-10-21,144085.0,5.36870002746582,215.1357542292338
2025-10-22,144873.0,5.38670015335083,215.25436072189797
2025-10-23,145721.0,5.399400234222412,215.37303260350757
2025-10-24,146172.0,5.382900238037109,215.49176991011225
2025-10-27,146969.0,5.388299942016602,215.61057267778142
2025-10-28,147429.0,5.373300075531006,215.7294409426044
2025-10-29,148633.0,5.357399940490723,215.84837474069047
2025-10-30,148780.0,5.357800006866455,215.96737410816877
2025-10-31,149540.0,5.381999969482422,216.0864390811884
2025-11-03,150454.0,5.374599933624268,216.20556969591826
2025-11-04,150704.0,5.354899883270264,216.3247659885473
2025-11-05,153294.0,5.395899772644043,216.44402799528447
2025-11-06,153339.0,5.35860013961792,216.56335575235858
2025-11-07,154064.0,5.3495001792907715,216.68274929601841
2025-11-10,155257.0,5.330900192260742,216.80220866253285
2025-11-11,157749.0,5.289700031280518,216.92173388819057
2025-11-12,157633.0,5.270699977874756,217.0413250093005
2025-11-13,157162.0,5.291299819946289,217.16098206219135
2025-11-14,157739.0,5.296500205993652,217.2807050832121
2025-11-17,156993.0,5.295599937438965,217.40049410873152
2025-11-18,156522.0,5.329500198364258,217.52034917513862
2025-11-19,155381.0,5.321499824523926,217.6402703188424
2025-11-20,155381.0,5.32859992980957,217.6402703188424
2025-11-21,154770.0,5.332300186157227,217.76025757627187
2025-11-24,155278.0,5.402100086212158,217.88031098387623
2025-11-25,155910.0,5.3867998123168945,218.00043057812476
2025-11-26,158555.0,5.37939977645874,218.12061639550683
2025-11-27,158292.0,5.3308000564575195,218.24086847253184
2025-11-28,159072.0,5.355400085449219,218.36118684572943
2025-12-01,158611.0,5.335400104522705,218.4815715516494
2025-12-02,161092.0,5.355800151824951,218.60202262686155
2025-12-03,161755.0,5.326300144195557,218.722540107956
2025-12-04,164456.0,5.306099891662598,218.84312403154294
2025-12-05,157369.0,5.309299945831299,218.9637744342528
2025-12-08,158187.0,5.4380998611450195,219.08449135273617
2025-12-09,157981.0,5.429999828338623,219.20527482366384
2025-12-10,159075.0,5.43149995803833,219.32612488372686
2025-12-11,159189.0,5.469799995422363,219.44704156963653
2025-12-12,160766.0,5.4054999351501465,219.5680249181243
2025-12-15,162482.0,5.4182000160217285,219.68907496594193
2025-12-16,158578.0,5.413400173187256,219.81019174986142
2025-12-17,157327.0,5.507500171661377,219.93137530667508
2025-12-18,157923.0,5.518499851226807,220.05262567319542
2025-12-19,158473.0,5.521299839019775,220.17394288625533
2025-12-22,158142.0,5.53980016708374,220.29532698270796
2025-12-23,160456.0,5.590000152587891,220.4167779994268
2025-12-24,160456.0,5.518499851226807,220.5382959733057
2025-12-26,160897.0,5.519499778747559,220.65988094125876
2025-12-29,160490.0,5.542500019073486,220.78153294022053
2025-12-30,161125.0,5.5690999031066895,220.9032520071458
2025-12-31,161125.0,5.476200103759766,221.0250381790099
2026-01-02,160539.0,5.517000198364258,221.1468914928084
2026-01-05,161870.0,5.421599864959717,221.2688119855573
2026-01-06,163664.0,5.40749979019165,221.39079969429307
2026-01-07,161975.0,5.372000217437744,221.51285465607256
2026-01-08,162937.0,5.383900165557861,221.63497690797303
2026-01-09,163370.0,5.386600017547607,221.75716648709218
2026-01-12,163150.0,5.370299816131592,221.8794234305482
2026-01-13,161973.0,5.373700141906738,222.00174777547974
2026-01-14,165146.0,5.371300220489502,222.12413955904586
2026-01-15,165568.0,5.396100044250488,222.24659881842618
2026-01-16,164800.0,5.3678998947143555,222.36912559082077
2026-01-19,164849.0,5.367700099945068,222.49171991345028
2026-01-20,166277.0,5.36870002746582,222.61438182355576
2026-01-21,171817.0,5.374300003051758,222.73711135839892
2026-01-22,175589.0,5.31879997253418,222.8599085552619
2026-01-23,178859.0,5.283699989318848,222.9827734514475
2026-01-26,178721.0,5.288899898529053,223.10570608427906
2026-01-27,181919.0,5.279099941253662,223.2287064911004
2026-01-28,184691.0,5.183599948883057,223.35177470927604
2026-01-29,183134.0,5.1971001625061035,223.47491077619105
2026-01-30,181364.0,5.189199924468994,223.59811472925108
2026-02-02,182793.0,5.255000114440918,223.7213866058825
2026-02-03,185674.0,5.259399890899658,223.84472644353218
2026-02-04,181708.0,5.237500190734863,223.96813427966777
2026-02-05,182127.0,5.23799991607666,224.0916101517775
2026-02-06,182950.0,5.270500183105469,224.2151540973703
2026-02-09,186241.0,5.21589994430542,224.33876615397574
2026-02-10,185929.0,5.1915998458862305,224.4624463591441
2026-02-11,189699.0,5.196199893951416,224.5861947504464
2026-02-12,187766.0,5.198699951171875,224.71001136547426
2026-02-13,186464.0,5.213900089263916,224.8338962418402
2026-02-16,186464.0,5.217899799346924,224.8338962418402
2026-02-17,186464.0,5.243899822235107,224.8338962418402
2026-02-18,186016.0,5.2204999923706055,224.9578494171773
2026-02-19,188534.0,5.234399795532227,225.0818709291395
2026-02-20,190534.0,5.208799839019775,225.20596081540148
2026-02-23,188854.0,5.176499843597412,225.3301191136586
2026-02-24,191490.0,5.170899868011475,225.45434586162716
2026-02-25,191248.0,5.1519999504089355,225.57864109704414
2026-02-26,191005.0,5.124199867248535,225.70300485766737
2026-02-27,188787.0,5.136600017547607,225.82743718127546
2026-03-02,189307.0,5.1296000480651855,225.95193810566786
2026-03-03,183105.0,5.170300006866455,226.07650766866493
2026-03-04,185366.0,5.277299880981445,226.20114590810775
2026-03-05,180464.0,5.230100154876709,226.32585286185835
2026-03-06,179365.0,5.263400077819824,226.45062856779964
2026-03-09,180915.0,5.243500232696533,226.57547306383537
2026-03-10,183447.0,5.2052998542785645,226.7003863878902
2026-03-11,183969.0,5.162399768829346,226.82536857790973
2026-03-12,179285.0,5.151400089263916,226.9504196718604
2026-03-13,177653.0,5.243899822235107,227.07553970772972
2026-03-16,179875.0,5.329100131988525,227.200728723526
2026-03-17,180410.0,5.233399868011475,227.3259867572786
2026-03-18,179640.0,5.19290018081665,227.45131384703777
2026-03-19,180271.0,5.2621002197265625,227.57474257701
2026-03-20,176219.0,5.219900131225586,227.69823828681686
2026-03-23,181932.0,5.3119001388549805,227.8218010128056
2026-03-24,182509.0,5.232900142669678,227.94543079134323
2026-03-25,185424.0,5.232600212097168,228.06912765881648
2026-03-26,182733.0,5.236800193786621,228.1928916516318
2026-03-27,181557.0,5.235099792480469,228.31672280621552
2026-03-30,182514.0,5.23799991607666,228.44062115901355
2026-03-31,187462.0,5.263999938964844,228.5645867464917
2026-04-01,187953.0,5.192800045013428,228.68861960513556
2026-04-02,188052.0,5.1545000076293945,228.8127197714505
2026-04-03,188052.0,5.156400203704834,228.8127197714505
2026-04-06,188162.0,5.157899856567383,228.93688728196167
2026-04-07,188259.0,5.138299942016602,229.06112217321407
2026-04-08,192201.0,5.150599956512451,229.1854244817726
2026-04-09,195129.0,5.100200176239014,229.30979424422188
2026-04-10,197324.0,5.095799922943115,229.43423149716645
2026-04-13,198001.0,5.005000114440918,229.5587362772307
2026-04-14,198657.0,4.9944000244140625,229.68330862105893
2026-04-15,197738.0,4.984799861907959,229.80794856531523
2026-04-16,196819.0,4.992400169372559,229.93265614668368
2026-04-17,195734.0,4.987090110778809,230.05743140186823
2026-04-20,196132.0,5.00629997253418,230.18227436759275
2026-04-21,196132.0,4.952400207519531,230.18227436759275
2026-04-22,192889.0,5.007999897003174,230.30718508060107
2026-04-23,191378.0,4.984899997711182,230.4321635776569
2026-04-24,190745.0,5.030799865722656,230.55720989554396
2026-04-27,189579.0,4.979100227355957,230.68232407106586
2026-04-28,188619.0,4.999599933624268,230.80750614104625
2026-04-29,184750.0,4.99429988861084,230.93275614232874
2026-04-30,187318.0,5.017499923706055,231.0560742341088
2026-05-01,187318.0,4.9695000648498535,231.0560742341088
2026-05-04,185600.0,4.951929092407227,231.1794581777498
2026-05-05,186754.0,4.984799861907959,231.30290800841675
2026-05-06,187691.0,4.927299976348877,231.42642376129325
2026-05-07,183218.0,4.932271957397461,231.55000547158178
2026-05-08,184108.0,4.944900035858154,231.6736531745036
2026-05-11,181909.0,4.913300037384033,231.7973669052988
2026-05-12,180342.0,4.906400203704834,231.92114669922623
2026-05-13,177098.0,4.9096999168396,232.0449925915636
2026-05-14,178366.0,5.024899959564209,232.1689046176075
2026-05-15,177284.0,5.0040998458862305,232.2928828126733
2026-05-18,176976.0,5.060400009155273,232.4169272120953
2026-05-19,174279.0,5.005624771118164,232.54103785122652
2026-05-20,177356.0,5.058199882507324,232.66521476543912
2026-05-21,177650.0,5.01170015335083,232.78945799012388
2026-05-22,176210.0,5.017099857330322,232.91376756069062
2026-05-25,177359.0,5.025700092315674,233.03814351256804
2026-05-26,176589.0,5.01039981842041,233.16258588120377
2026-05-27,175744.0,5.04449987411499,233.28709470206434
2026-05-28,175063.0,5.07289981842041,233.41167001063528
2026-05-29,173788.0,5.051700115203857,233.53631184242096
2026-06-01,172198.0,5.0391998291015625,233.66102023294482
2026-06-02,174198.0,5.038599967956543,233.7857952177492
2026-06-03,170331.0,5.020699977874756,233.9106368323955
2026-06-04,170331.0,5.077400207519531,233.9106368323955
2026-06-05,169019.0,5.060699939727783,234.035545112464
2026-06-08,168669.0,5.177000045776367,234.16052009355406
2026-06-09,169813.0,5.203100204467773,234.28556181128403
2026-06-10,168619.0,5.190100193023682,234.41067030129125
2026-06-11,171497.0,5.1921000480651855,234.53584559923212
2026-06-12,171133.0,5.113800048828125,234.6610877407821
2026-06-15,170415.0,5.0609002113342285,234.7863967616357
2026-06-16,169649.0,5.075099945068359,234.91177269750642
2026-06-17,168454.0,5.101900100708008,235.0372155841269
2026-06-18,168278.0,5.122099876403809,235.1606829838454
2026-06-19,168576.0,5.18149995803833,235.2842152422236
2026-06-22,170370.0,5.151400089263916,235.40781239333248
2026-06-23,171259.0,5.156499862670898,235.53147447126085
2026-06-24,170507.0,5.197700023651123,235.65520151011535
2026-06-25,171990.0,5.207499980926514,235.7789935440206
2026-06-26,173295.0,5.1940999031066895,235.90285060711923
2026-06-29,173205.0,5.1707000732421875,236.02677273357168
2026-06-30,172024.0,5.181787014007568,236.15075995755635
2026-07-01,171689.0,5.174699783325195,236.27481231326962
2026-07-02,172788.0,5.220600128173828,236.39892983492592
2026-07-03,174266.0,5.2221999168396,236.5231125567575
2026-07-06,172448.0,5.1844000816345215,236.6473605130147
2026-07-07,172021.0,5.143599987030029,236.77167373796578
2026-07-08,170654.0,5.170899868011475,236.89605226589708
2026-07-09,172742.0,5.16349983215332,237.02049613111288
2026-07-10,177866.0,5.133900165557861,237.1450053679355
2026-07-13,175739.0,5.107800006866455,237.26958001070534
2026-07-14,176641.0,5.147900104522705,237.39422009378077
2026-07-15,176011.0,5.087900161743164,237.51892565153824
2026-07-16,173825.0,5.09089994430542,237.64369671837224
2026-07-17,173714.0,5.11359977722168,237.76853332869536
2026-07-20,173371.0,5.126999855041504,237.89343551693824
2026-07-21,173326.0,5.104400157928467,238.01840331754966
2026-07-22,177548.0,5.087500095367432,238.14343676499638
2026-07-23,176724.0,5.062488079071045,238.2685358937634
2026-07-24,174042.0,5.09689998626709,238.39370073835377
2026-07-27,175335.0,5.082499980926514,238.51893133328863
2026-07-28,176565.0,5.123025894165039,238.64422771310734
2026-07-29,173885.0,5.1371002197265625,238.7695899123673
2026-07-30,177159.0,5.127099990844727,238.8950179656442
2026-07-31,177999.0,5.078100204467773,239.02051190753176
2026-08-03,178000.0,5.072700023651123,239.1460717726419
2026-08-04,177895.0,5.10290002822876,239.2716975956048
2026-08-05,177726.0,5.143700122833252,239.39738941106876
2026-08-06,175546.0,5.138500213623047,239.52106210243852
2026-08-07,172513.0,5.121799945831299,239.64479868312068
2026-08-10,172180.0,5.082600116729736,239.76859918612038
2026-08-11,167875.0,5.105999946594238,239.89246364445998
2026-08-12,167491.0,5.173500061035156,240.01639209117874
2026-08-13,167101.0,5.195400238037109,240.14038455933306
2026-08-14,166934.0,5.19980001449585,240.26444108199644
2026-08-17,166784.0,5.221700191497803,240.38856169225943
2026-08-18,166335.0,5.202499866485596,240.51274642322963
2026-08-19,167830.0,5.214300155639648,240.63699530803189
2026-08-20,167927.0,5.176700115203857,240.76130837980804
2026-08-21,171032.0,5.1930999755859375,240.88568567171706
2026-08-24,171907.0,5.13730001449585,241.0101272169351
2026-08-25,174577.0,5.154300212860107,241.13463304865542
2026-08-26,174586.0,5.146399974822998,241.2592032000884
2026-08-27,175135.0,5.14739990234375,241.38383770446157
2026-08-28,175665.0,5.161099910736084,241.5085365950197
2026-08-31,177419.0,5.191199779510498,241.6332999050247
2026-09-01,179723.0,5.181700229644775,241.75812766775567
2026-09-02,185205.0,5.152200222015381,241.88301991650886
2026-09-03,185188.0,5.092700004577637,242.00797668459776
2026-09-04,185147.0,5.10099983215332,242.13299800535304
2026-09-07,185147.0,5.126200199127197,242.13299800535304
2026-09-08,187367.0,5.126699924468994,242.25808391212263
2026-09-09,185629.0,5.084799766540527,242.38323443827164
2026-09-10,188269.0,5.103400230407715,242.5084496171825
2026-09-11,187207.0,5.102799892425537,242.63372948225475
2026-09-14,185501.0,5.111207962036133,242.7590740669053
2026-09-15,186503.0,5.138000011444092,242.8844834045683
2026-09-16,185548.0,5.142899990081787,243.0099575286951
2026-09-17,185992.0,5.150899887084961,243.13337742592478
2026-09-18,185229.0,5.124100208282471,243.25686000565184
2026-09-21,186596.0,5.140699863433838,243.38040529971155
2026-09-22,187423.0,5.110400199890137,243.50401333995518
2026-09-23,185814.0,5.099899768829346,243.62768415825028
2026-09-24,183966.0,5.164299964904785,243.75141778648057
2026-09-25,183477.0,5.190499782562256,243.875214256546
2026-09-28,182991.0,5.1875,243.99907360036258
2026-09-29,183828.0,5.222899913787842,244.12299584986275
2026-09-30,186340.0,5.202899932861328,244.24698103699498
2026-10-01,187197.453125,5.179100036621094,244.24698103699498
2026-10-02,187197.453125,5.222499847412109,244.24698103699498
